Batter_Name,Total_Runs_Scored,Total_Innings_Played,Total_Times_Out,average_balls_faced_per_innings,batting_average,strike_rate,dot_ball_percentage,boundary_percentage,balls_per_boundary,non_boundary_strike_rate,strike_rate_first_5_balls,strike_rate_first_10_balls,batting_average_vs_pace,strike_rate_vs_pace,dot_ball_percentage_vs_pace,boundary_percentage_vs_pace,balls_per_boundary_vs_pace,non_boundary_strike_rate_vs_pace,strike_rate_first_5_balls_vs_pace,strike_rate_first_10_balls_vs_pace,batting_average_vs_spin,strike_rate_vs_spin,dot_ball_percentage_vs_spin,boundary_percentage_vs_spin,balls_per_boundary_vs_spin,non_boundary_strike_rate_vs_spin,strike_rate_first_5_balls_vs_spin,strike_rate_first_10_balls_vs_spin,batting_average_1st_innings,strike_rate_1st_innings,batting_average_2nd_innings,strike_rate_2nd_innings,strike_rate_balls_1_10,strike_rate_balls_11_20,strike_rate_balls_21_30,strike_rate_balls_31_40,strike_rate_balls_41_50,Rank_strike_rate,Rank_boundary_percentage,Rank_strike_rate_vs_pace,Rank_strike_rate_vs_spin,Rank_First.Innings.Average,Rank_Second.Innings.Average,Rank_dot_ball_percentage,Rank_dot_ball_percentage_vs_pace,Rank_dot_ball_percentage_vs_spin,Rank_boundary_percentage_vs_spin,Rank_boundary_percentage_vs_pace,Rank_batting_average,Rank_strike_rate_balls_1_10,Rank_strike_rate_balls_11_20,Rank_strike_rate_balls_21_30,Rank_strike_rate_balls_31_40,Rank_strike_rate_balls_41_50,Rank_balls_per_boundary,Rank_non_boundary_strike_rate
Vivrant Sharma,69,1,1,47.0,69.0,146.81,34.04%,23.4%,4.27,58.33%,80%,60%,37.0,132.14%,42.86%,21.43%,4.67,50%,80%,60%,32.0,168.42%,21.05%,26.32%,3.8,71.43%,NaN%,NaN%,69.0,146.81%,0.0,NaN%,60%,160%,150%,190%,185.71%,,,,,,,,,,,,,,,,,,,
Saurabh Tiwary,115,4,2,24.25,57.5,118.56,27.84%,12.37%,8.08,74.12%,123.53%,100%,61.0,110.91%,32.73%,12.73%,7.86,68.75%,180%,114.29%,54.0,128.57%,21.43%,11.9%,8.4,81.08%,100%,88.89%,20.0,100%,95.0,123.38%,100%,132.14%,100%,152.94%,NaN%,,,,,,,,,,,,,,,,,,,
Sai Sudharsan,1034,25,21,29.88,49.24,138.42,29.59%,17%,5.88,74.52%,117.6%,117.74%,36.53,134.71%,34.49%,18.22%,5.49,66.58%,116.46%,119.75%,103.25,144.41%,21.68%,15.03%,6.65,86.83%,119.57%,114.29%,61.8,149.64%,37.82,124.55%,117.74%,125%,143.79%,168.04%,236.36%,55.0,69.0,71.0,36.0,1.0,18.0,84.0,62.0,92.0,63.0,75.0,1.0,67.0,85.0,61.0,46.0,45.0,69.0,8.0
Chris Lynn,49,1,1,35.0,49.0,140.0,40%,20%,5.0,53.57%,0%,60%,19.0,111.76%,41.18%,11.76%,8.5,60%,0%,16.67%,30.0,166.67%,38.89%,27.78%,3.6,46.15%,NaN%,125%,49.0,140%,0.0,NaN%,60%,260%,110%,120%,NaN%,,,,,,,,,,,,,,,,,,,
Devon Conway,924,22,19,29.73,48.63,141.28,33.94%,19.88%,5.03,65.65%,100%,119.19%,43.5,136.29%,37.34%,20.1%,4.97,60.78%,90.82%,108.57%,57.43,148.34%,29.15%,19.56%,5.11,72.48%,228.57%,200%,49.38,147.59%,47.0,128.77%,119.19%,124.18%,161.36%,169.7%,158.93%,47.0,36.0,64.0,28.0,3.0,7.0,57.0,45.0,74.0,35.0,56.0,2.0,62.0,86.0,41.0,44.0,70.0,36.0,43.0
KL Rahul,2036,50,42,30.7,48.48,132.64,33.55%,16.22%,6.16,67.96%,83.19%,106.1%,40.09,138.09%,36.91%,18.6%,5.38,62.76%,79.17%,108.27%,90.0,122.33%,26.99%,11.65%,8.58,77.36%,122.73%,91.53%,53.5,137.5%,42.95,126.51%,106.1%,130.21%,139.48%,148.98%,161.54%,73.0,76.0,61.0,68.0,2.0,9.0,62.0,48.0,81.0,84.0,73.0,3.0,90.0,79.0,64.0,64.0,69.0,76.0,28.0
Tristan Stubbs,405,17,9,13.71,45.0,173.82,24.89%,22.32%,4.48,80.11%,105.33%,113.74%,41.83,176.76%,24.65%,23.94%,4.18,78.7%,76.32%,102.67%,51.33,169.23%,25.27%,19.78%,5.06,82.19%,135.14%,128.57%,34.33,164.8%,66.33,184.26%,113.74%,261.97%,227.59%,200%,NaN%,5.0,20.0,9.0,16.0,29.0,2.0,91.0,90.0,86.0,33.0,26.0,4.0,77.0,1.0,5.0,29.0,15.0,20.0,2.0
Heinrich Klaasen,927,26,21,20.5,44.14,173.92,23.45%,21.39%,4.68,82.34%,144.88%,157.92%,33.77,161.4%,23.53%,19.49%,5.13,84.47%,128.3%,141%,61.0,186.97%,23.37%,23.37%,4.28,80%,156.76%,170%,49.33,178.31%,37.22,166.67%,157.92%,181.33%,192.77%,203.45%,200%,4.0,25.0,24.0,10.0,4.0,25.0,92.0,92.0,91.0,22.0,64.0,5.0,9.0,14.0,16.0,27.0,54.0,25.0,1.0
Ruturaj Gaikwad,2176,59,52,26.69,41.85,138.16,34.54%,18.16%,5.51,66.87%,87.05%,108.67%,42.18,135.28%,38.3%,18.58%,5.38,61.88%,85.27%,105.35%,41.22,144.08%,26.8%,17.28%,5.79,77%,110%,138.46%,45.09,144.62%,35.72,124.85%,108.67%,151.39%,126.48%,169.19%,174.02%,56.0,58.0,67.0,37.0,8.0,27.0,52.0,36.0,82.0,45.0,74.0,6.0,87.0,54.0,81.0,45.0,63.0,58.0,36.0
Cameron Green,707,28,17,16.43,41.59,153.7,28.7%,20.43%,4.89,72.95%,135.2%,133.18%,33.67,163.56%,27.13%,24.29%,4.12,71.66%,132.14%,145.6%,60.6,142.25%,30.52%,15.96%,6.26,74.3%,141.46%,115.73%,45.88,151.03%,37.78,156.68%,133.18%,180.82%,118.33%,216.67%,220%,21.0,28.0,23.0,42.0,6.0,19.0,87.0,88.0,61.0,53.0,23.0,7.0,37.0,16.0,88.0,23.0,50.0,28.0,11.0
Jos Buttler,1868,49,45,26.27,41.51,145.14,39.01%,21.21%,4.71,59.96%,92.67%,107.08%,37.44,141.44%,41.67%,21.67%,4.62,56.88%,92.48%,104.05%,54.09,153.75%,32.82%,20.16%,4.96,66.99%,100%,148.28%,47.23,143.63%,33.68,148.15%,107.08%,160.07%,131.5%,137.58%,234.45%,37.0,26.0,51.0,25.0,5.0,33.0,25.0,18.0,50.0,32.0,43.0,8.0,89.0,38.0,75.0,74.0,46.0,26.0,62.0
David Miller,1074,46,26,16.7,41.31,139.84,30.21%,16.67%,6.0,73.12%,90.87%,112.18%,38.17,139.07%,32.19%,17.61%,5.68,71.5%,91.73%,119.28%,48.38,141.24%,26.64%,14.96%,6.68,75.97%,89.53%,100%,28.86,130.32%,55.83,146.29%,112.18%,154.33%,188.46%,228.57%,207.69%,51.0,73.0,59.0,43.0,44.0,4.0,82.0,76.0,83.0,64.0,77.0,9.0,82.0,46.0,19.0,22.0,53.0,73.0,9.0
Tilak Varma,1156,38,28,20.87,41.29,145.78,31.78%,18.66%,5.36,69.46%,119.46%,129.57%,31.05,145.54%,36.83%,20.98%,4.77,60.45%,127.03%,133.5%,72.0,146.09%,25.22%,15.65%,6.39,80.41%,108.11%,123.94%,44.5,140.82%,39.5,149.06%,129.57%,164.29%,131.62%,182.22%,226.67%,35.0,52.0,46.0,32.0,10.0,14.0,77.0,49.0,87.0,60.0,48.0,10.0,42.0,32.0,74.0,38.0,47.0,52.0,21.0
Jake Fraser-McGurk,330,9,8,15.78,41.25,232.39,37.32%,42.25%,2.37,41.46%,207.14%,222.08%,47.6,224.53%,38.68%,42.45%,2.36,39.34%,205.41%,209.38%,30.67,255.56%,33.33%,41.67%,2.4,47.62%,220%,284.62%,33.8,241.43%,53.67,223.61%,222.08%,245.24%,264.71%,183.33%,NaN%,1.0,1.0,1.0,9.0,30.0,5.0,33.0,35.0,44.0,16.0,1.0,11.0,6.0,2.0,2.0,37.0,15.0,1.0,92.0
Virat Kohli,2126,60,52,26.2,40.88,135.24,33.21%,17.37%,5.76,68.67%,130.58%,135.42%,38.2,147.9%,34.4%,21.9%,4.57,65.58%,139.25%,142.08%,44.53,116.46%,31.23%,10.92%,9.15,72.71%,101.67%,117.39%,40.06,129.65%,42.1,143.97%,135.42%,133.25%,117.29%,142.64%,150.83%,63.0,66.0,42.0,80.0,14.0,10.0,65.0,64.0,54.0,89.0,40.0,12.0,34.0,76.0,89.0,69.0,74.0,66.0,25.0
Shubman Gill,2277,62,56,26.19,40.66,140.21,31.9%,18.1%,5.52,72.11%,114.86%,118.96%,35.74,138.57%,32.9%,18.79%,5.32,69.03%,116.41%,123.15%,51.94,142.88%,30.26%,16.99%,5.89,77%,105%,98.92%,44.92,152.26%,37.47,130.9%,118.96%,150.87%,132.79%,157.21%,189.43%,49.0,61.0,60.0,40.0,9.0,24.0,76.0,72.0,65.0,48.0,72.0,13.0,64.0,56.0,73.0,54.0,56.0,60.0,13.0
Faf du Plessis,2269,61,56,25.82,40.52,144.06,33.78%,19.68%,5.08,66.64%,103.42%,132.96%,38.95,155.64%,36.37%,24.08%,4.15,60.86%,102.97%,135.45%,45.62,123.94%,29.37%,12.05%,8.3,75.29%,96.23%,118.69%,45.48,142.41%,33.39,147.41%,132.96%,147.85%,133.9%,150.25%,166.3%,40.0,40.0,31.0,67.0,7.0,35.0,60.0,52.0,73.0,82.0,25.0,14.0,39.0,61.0,71.0,59.0,66.0,40.0,38.0
Travis Head,567,15,14,19.87,40.5,190.27,31.54%,32.21%,3.1,58.91%,164.52%,177.19%,43.33,204.19%,30.89%,37.17%,2.69,58.33%,183.33%,174.07%,30.6,162.77%,32.98%,22.34%,4.48,58.9%,100%,180.65%,43.3,185.84%,33.5,206.15%,177.19%,229.21%,178.79%,156.52%,116.67%,2.0,2.0,2.0,19.0,13.0,34.0,79.0,80.0,47.0,24.0,2.0,15.0,8.0,4.0,28.0,55.0,84.0,2.0,66.0
Shashank Singh,423,19,11,13.79,38.45,161.45,30.15%,22.14%,4.52,69.12%,145.98%,144.74%,35.5,176.4%,26.09%,26.09%,3.83,73.95%,180%,179.07%,46.33,137.62%,36.63%,15.84%,6.31,62.35%,100%,100%,21.67,166.67%,44.75,160.54%,144.74%,167.53%,224.24%,NaN%,NaN%,15.0,21.0,11.0,46.0,80.0,8.0,83.0,89.0,23.0,57.0,13.0,16.0,21.0,29.0,6.0,2.0,15.0,21.0,22.0
Shikhar Dhawan,1572,46,41,26.28,38.34,127.29,39.11%,17.89%,5.59,59.17%,109.09%,111.99%,40.12,130.7%,41.35%,19.92%,5.02,55.87%,107.41%,112.22%,35.27,121.05%,35.01%,14.19%,7.05,64.8%,119.35%,110.53%,38.0,126.86%,38.74,128.22%,111.99%,129.53%,126.82%,139.1%,136.89%,84.0,63.0,82.0,70.0,19.0,15.0,24.0,19.0,30.0,70.0,59.0,17.0,83.0,81.0,80.0,73.0,76.0,63.0,65.0
Will Jacks,230,8,6,16.38,38.33,175.57,35.11%,25.95%,3.85,59.79%,129.73%,130.51%,58.5,212.73%,36.36%,36.36%,2.75,54.29%,166.67%,156.52%,37.33,153.42%,32.88%,19.18%,5.21,64.41%,80%,121.21%,16.75,131.37%,81.5,203.75%,130.51%,186.67%,151.72%,391.67%,600%,,,,,,,,,,,,18.0,,,,,,,
Sanju Samson,1835,60,49,20.83,37.45,146.8,33.92%,20.16%,4.96,64.63%,112.89%,134.93%,30.53,146.73%,36.58%,21.9%,4.57,60%,106.16%,127.73%,56.62,146.91%,29.94%,17.56%,5.69,71.19%,131.58%,148.35%,35.18,147.01%,40.48,146.55%,134.93%,140.17%,156.7%,186.79%,156.9%,33.0,31.0,43.0,30.0,26.0,12.0,58.0,51.0,69.0,41.0,40.0,19.0,35.0,69.0,47.0,34.0,71.0,31.0,46.0
Shimron Hetmyer,968,49,26,12.57,37.23,157.14,32.47%,20.13%,4.97,70.33%,115.86%,139.55%,43.67,176.63%,28.76%,24.27%,4.12,73%,137.24%,160.52%,22.75,106.43%,42.11%,9.36%,10.69,64.52%,78.05%,94.44%,36.79,146.31%,37.75,171.59%,139.55%,181.33%,186.96%,385.71%,NaN%,19.0,32.0,10.0,89.0,22.0,20.0,71.0,85.0,9.0,4.0,24.0,20.0,29.0,14.0,21.0,10.0,15.0,32.0,17.0
Rinku Singh,816,32,22,17.09,37.09,149.18,32.18%,19.2%,5.21,69.68%,132.91%,134.59%,37.38,170.86%,33.14%,24.86%,4.02,66.92%,179.01%,160.95%,36.33,110.66%,30.46%,9.14%,10.94,73.74%,84.42%,98.37%,23.25,132.86%,74.0,166.29%,134.59%,152.9%,198.61%,164%,66.67%,28.0,47.0,14.0,86.0,70.0,1.0,75.0,71.0,62.0,5.0,19.0,21.0,36.0,49.0,13.0,49.0,34.0,47.0,20.0
Avesh Khan,37,8,1,2.75,37.0,168.18,36.36%,22.73%,4.4,64.71%,168.18%,168.18%,19.0,111.76%,35.29%,11.76%,8.5,73.33%,111.76%,111.76%,18.0,360%,40%,60%,1.67,0%,360%,360%,10.0,100%,27.0,225%,168.18%,NaN%,NaN%,NaN%,NaN%,,,,,,,,,,,,,,,,,,,
David Warner,1313,42,36,23.02,36.47,132.63,40.81%,19.6%,5.1,57.16%,88.71%,117.4%,34.23,133.23%,44.31%,21.11%,4.74,52.37%,87.72%,115.46%,42.3,131.37%,33.54%,16.46%,6.08,66.54%,100%,134.29%,38.08,123.51%,35.58,138.41%,117.4%,161.51%,125.77%,121.71%,162.9%,74.0,43.0,74.0,56.0,18.0,29.0,16.0,13.0,42.0,49.0,47.0,22.0,68.0,36.0,82.0,83.0,68.0,42.0,74.0
Rishabh Pant,1210,42,34,19.56,35.59,143.88,33.77%,19.62%,5.1,66.27%,129.21%,123.34%,30.7,154.15%,33.84%,22.49%,4.45,64.79%,119.19%,120%,45.82,131.59%,33.68%,16.19%,6.18,67.91%,138.83%,126.24%,38.56,142.49%,32.67,145.54%,123.34%,156.47%,159.46%,150%,318.18%,42.0,42.0,35.0,55.0,17.0,36.0,61.0,68.0,40.0,51.0,34.0,23.0,50.0,42.0,44.0,62.0,39.0,42.0,41.0
Suryakumar Yadav,1570,49,45,19.82,34.89,161.69,33.26%,24.3%,4.11,65.58%,128.83%,137.35%,32.23,183.64%,35.66%,29.78%,3.36,61.52%,140%,152.56%,40.79,133.72%,30.21%,17.33%,5.77,69.97%,116.82%,120.31%,36.1,153.62%,33.92,169.26%,137.35%,164.66%,181.92%,193.18%,255.17%,14.0,9.0,6.0,51.0,25.0,32.0,64.0,58.0,67.0,43.0,6.0,24.0,31.0,31.0,24.0,31.0,42.0,9.0,44.0
Ravindra Jadeja,800,44,23,13.09,34.78,138.89,28.12%,15.45%,6.47,78.44%,121.32%,124.34%,35.67,155.07%,24.64%,18.84%,5.31,82.74%,140%,140.25%,31.6,97.53%,37.04%,6.79%,14.73,68.87%,80.65%,88.57%,33.53,135.39%,38.33,148.39%,124.34%,156.55%,173.58%,150%,NaN%,54.0,81.0,33.0,3.0,32.0,17.0,90.0,91.0,21.0,14.0,71.0,25.0,49.0,41.0,32.0,62.0,15.0,81.0,3.0
Rajat Patidar,799,24,23,21.0,34.74,158.53,31.75%,20.83%,4.8,67.92%,107.14%,110.73%,24.4,141.31%,39.38%,20.08%,4.98,59.9%,90.48%,101.75%,53.0,176.67%,23.75%,21.67%,4.62,76.6%,131.91%,118.39%,43.43,169.83%,21.22,130.82%,110.73%,211.24%,158.02%,124.24%,291.67%,18.0,27.0,52.0,13.0,12.0,75.0,78.0,30.0,89.0,27.0,57.0,26.0,86.0,6.0,45.0,81.0,40.0,27.0,29.0
Phil Salt,653,21,19,17.81,34.37,174.6,35.56%,28.88%,3.46,57.52%,124.72%,177.5%,36.85,181.44%,37.88%,29.92%,3.34,54.59%,118.42%,177.37%,26.83,154.81%,29.81%,25%,4.0,65.38%,161.54%,178.26%,24.91,175.64%,47.38,173.85%,177.5%,155.21%,188.33%,184.44%,184.62%,3.0,3.0,7.0,24.0,62.0,6.0,45.0,40.0,70.0,19.0,5.0,27.0,7.0,44.0,20.0,36.0,60.0,3.0,72.0
Shreyas Iyer,927,36,27,19.72,34.33,130.56,33.1%,15.77%,6.34,70.07%,105.75%,117.92%,33.18,131.47%,36.13%,17.25%,5.8,67.04%,115.5%,130.22%,39.11,130.37%,27.41%,13.33%,7.5,76.07%,79.55%,89.89%,20.78,122.22%,61.44,136.88%,117.92%,127.84%,157.58%,125.93%,254.55%,78.0,78.0,80.0,57.0,83.0,3.0,66.0,54.0,80.0,75.0,79.0,28.0,66.0,82.0,46.0,78.0,43.0,78.0,19.0
Shivam Dube,1333,48,39,18.48,34.18,150.28,33.48%,19.05%,5.25,66.71%,107.49%,125.41%,29.79,148.4%,33.81%,19.4%,5.16,67.55%,93.94%,115.16%,45.36,153.54%,32.92%,18.46%,5.42,65.28%,126.32%,139.23%,36.39,165.74%,31.0,129.84%,125.41%,167.71%,181.89%,174.36%,225%,27.0,48.0,40.0,26.0,23.0,40.0,63.0,69.0,49.0,37.0,65.0,29.0,48.0,28.0,25.0,42.0,48.0,48.0,37.0
Yashasvi Jaiswal,1567,49,46,20.96,34.07,152.58,40.41%,25.22%,3.97,52.99%,127.51%,153%,28.62,152.46%,44.13%,27.05%,3.7,46.44%,122.64%,149.48%,64.43,152.88%,31.19%,20.68%,4.84,67.95%,188.24%,191.43%,30.71,148.89%,37.73,156.02%,153%,154.26%,142.42%,135.92%,175%,23.0,5.0,36.0,27.0,36.0,21.0,18.0,14.0,55.0,30.0,9.0,30.0,15.0,47.0,62.0,76.0,62.0,5.0,85.0
Nicholas Pooran,1248,52,37,14.94,33.73,160.62,32.69%,21.62%,4.62,65.68%,128.14%,128.99%,27.57,165.67%,32.83%,23.61%,4.24,64.61%,108.93%,113.81%,48.56,147.14%,33%,17.17%,5.82,67.07%,143.59%,141.88%,28.65,154.86%,39.71,165.85%,128.99%,209.05%,167.62%,180.95%,100%,16.0,24.0,22.0,29.0,45.0,13.0,69.0,73.0,46.0,46.0,29.0,31.0,44.0,8.0,36.0,39.0,87.0,24.0,42.0
Nitish Kumar Reddy,303,11,9,19.27,33.67,142.92,34.43%,16.98%,5.89,66.48%,87.27%,101.85%,23.0,116.95%,39.83%,12.71%,7.87,60.19%,77.78%,98.65%,52.33,180.46%,27.59%,24.14%,4.14,71.21%,100%,106.9%,37.33,148.34%,26.33,129.51%,101.85%,162.26%,181.25%,276.47%,100%,45.0,70.0,90.0,11.0,20.0,54.0,53.0,27.0,79.0,20.0,92.0,32.0,92.0,35.0,26.0,14.0,87.0,70.0,39.0
Jason Roy,435,13,13,23.92,33.46,139.87,40.84%,22.51%,4.44,53.53%,133.85%,136%,27.0,119.7%,46.8%,19.7%,5.08,48.47%,117.54%,118.18%,48.0,177.78%,29.63%,27.78%,3.6,64.1%,250%,266.67%,26.43,120.13%,41.67,159.24%,136%,157.73%,123.73%,139.29%,0%,50.0,19.0,88.0,12.0,50.0,11.0,15.0,8.0,71.0,17.0,61.0,33.0,33.0,40.0,85.0,72.0,90.0,19.0,83.0
Prerak Mankad,97,5,3,14.6,32.33,132.88,41.1%,20.55%,4.87,56.9%,94.12%,107.14%,19.33,118.37%,46.94%,18.37%,5.44,50%,92.31%,108.33%,39.0,162.5%,29.17%,25%,4.0,72.22%,100%,100%,13.0,123.81%,71.0,136.54%,107.14%,135%,180%,190%,60%,,,,,,,,,,,,,,,,,,,
Arshad Khan,96,6,3,10.83,32.0,147.69,33.85%,16.92%,5.91,74.07%,95.45%,108.33%,37.5,159.57%,31.91%,19.15%,5.22,76.32%,63.64%,115%,21.0,116.67%,38.89%,11.11%,9.0,68.75%,127.27%,100%,12.67,118.75%,58.0,175.76%,108.33%,243.75%,150%,100%,NaN%,,,,,,,,,,,,,,,,,,,
Venkatesh Iyer,1326,49,42,19.82,31.57,136.56,38.72%,18.74%,5.34,60.33%,122.41%,128.88%,31.64,139.53%,41.1%,20.63%,4.85,55.16%,122.28%,129.28%,30.43,129.88%,34.15%,14.94%,6.69,69.53%,113.89%,125.53%,27.23,135.83%,36.35,137.17%,128.88%,133.46%,151.79%,152.56%,155.88%,57.0,51.0,57.0,59.0,48.0,26.0,26.0,21.0,35.0,65.0,51.0,34.0,46.0,75.0,54.0,58.0,72.0,51.0,61.0
AB de Villiers,313,14,10,15.07,31.3,148.34,32.23%,18.48%,5.41,72.67%,88.71%,96.36%,42.8,165.89%,31.01%,22.48%,4.45,74%,100%,96.23%,19.8,120.73%,34.15%,12.2%,8.2,70.83%,80%,96.49%,34.83,165.87%,26.0,122.35%,96.36%,175%,215.15%,264.29%,400%,31.0,55.0,20.0,72.0,28.0,57.0,74.0,77.0,35.0,79.0,35.0,35.0,2.0,20.0,7.0,15.0,38.0,55.0,12.0
Liam Livingstone,869,35,28,15.23,31.04,163.04,32.65%,22.7%,4.4,63.83%,122.22%,137.46%,33.94,202.99%,30.9%,31.89%,3.14,63.9%,158.9%,181.75%,25.8,111.21%,34.91%,10.78%,9.28,63.77%,92.13%,101.91%,30.41,157.62%,32.0,171.71%,137.46%,174.45%,206.25%,241.67%,169.23%,12.0,18.0,3.0,85.0,38.0,38.0,70.0,79.0,32.0,91.0,4.0,36.0,30.0,21.0,10.0,18.0,65.0,18.0,51.0
Atharva Taide,247,9,8,18.78,30.88,146.15,34.91%,20.71%,4.83,67.91%,107.5%,146.67%,33.8,152.25%,38.74%,23.42%,4.27,62.35%,107.89%,156.92%,26.0,134.48%,27.59%,15.52%,6.44,77.55%,100%,80%,27.25,157.97%,34.5,138%,146.67%,153.06%,114.81%,181.25%,100%,,,,,,,,,,,,37.0,,,,,,,
Jonny Bairstow,799,29,26,18.79,30.73,146.61,40.37%,22.94%,4.36,53.1%,128.06%,143.15%,30.35,156.36%,39.39%,26.36%,3.79,50.21%,141.07%,154.92%,31.44,131.63%,41.86%,17.67%,5.66,57.06%,74.07%,101.82%,19.9,141.13%,37.5,148.51%,143.15%,154.61%,135.8%,160%,127.78%,34.0,15.0,29.0,54.0,86.0,22.0,19.0,29.0,10.0,38.0,12.0,38.0,25.0,45.0,70.0,52.0,80.0,16.0,84.0
Quinton de Kock,1198,41,39,21.63,30.72,135.06,36.87%,18.26%,5.48,62.9%,86.87%,112.87%,35.29,139.77%,40.26%,20.3%,4.93,57.35%,92.44%,118.18%,23.4,124.91%,29.54%,13.88%,7.21,73.97%,50%,77.78%,29.36,138.03%,32.47,131.74%,112.87%,160.59%,127.56%,135.85%,125.49%,64.0,57.0,56.0,66.0,42.0,37.0,35.0,24.0,72.0,71.0,55.0,39.0,79.0,37.0,79.0,77.0,82.0,57.0,52.0
Andre Russell,967,43,32,13.74,30.22,163.62,41.79%,24.53%,4.08,50.9%,116.58%,144.06%,30.09,171.71%,39.21%,26.8%,3.73,53.56%,132.76%,149.76%,30.56,146.28%,47.34%,19.68%,5.08,45.7%,92.21%,135.71%,33.0,162.61%,27.07,165.04%,144.06%,172.34%,248.21%,350%,NaN%,10.0,8.0,13.0,31.0,33.0,51.0,11.0,32.0,4.0,34.0,10.0,40.0,23.0,23.0,4.0,11.0,15.0,8.0,86.0
Aiden Markram,995,42,33,18.29,30.15,129.56,28.91%,14.06%,7.11,74.7%,95.94%,116.25%,34.87,132.74%,29.95%,15.99%,6.25,72.81%,99.21%,116.99%,26.22,126.2%,27.81%,12.03%,8.31,76.6%,90%,115.29%,24.38,123.42%,35.59,133.85%,116.25%,123.14%,161.02%,190.91%,100%,81.0,87.0,77.0,64.0,64.0,28.0,86.0,83.0,78.0,83.0,85.0,41.0,73.0,87.0,42.0,33.0,87.0,87.0,7.0
Glenn Maxwell,1266,50,42,15.96,30.14,158.65,34.59%,22.93%,4.36,64.39%,130.77%,144.57%,32.45,154.16%,37.29%,23.75%,4.21,61.37%,130.63%,137.57%,28.05,163.66%,31.56%,22.02%,4.54,67.69%,130.93%,151.08%,28.17,153.92%,35.08,169.08%,144.57%,171.56%,176.09%,161.67%,131.25%,17.0,16.0,34.0,17.0,46.0,30.0,51.0,46.0,51.0,26.0,28.0,42.0,22.0,24.0,30.0,51.0,79.0,16.0,47.0
Dinesh Karthik,1019,57,34,11.04,29.97,162.0,31.48%,23.05%,4.34,67.56%,125.79%,146.87%,30.04,178.81%,30.48%,26.43%,3.78,68.93%,140.43%,163.81%,29.78,128.23%,33.49%,16.27%,6.15,65.14%,107.21%,121.84%,30.0,164.74%,29.93,158.66%,146.87%,189.66%,204.55%,233.33%,NaN%,13.0,13.0,8.0,61.0,40.0,43.0,80.0,82.0,43.0,50.0,11.0,43.0,18.0,12.0,11.0,20.0,15.0,14.0,33.0
Tim David,659,35,22,11.06,29.95,170.28,28.42%,21.71%,4.61,76.24%,138.22%,153.16%,35.44,187.75%,27.15%,25.5%,3.92,78.67%,148.15%,170.16%,15.33,108.24%,32.94%,8.24%,12.14,69.23%,116.33%,111.54%,24.2,144.91%,34.75,189.55%,153.16%,211.11%,190%,NaN%,NaN%,6.0,23.0,5.0,88.0,67.0,31.0,88.0,87.0,48.0,8.0,17.0,44.0,14.0,7.0,17.0,2.0,15.0,23.0,5.0
Rahul Tripathi,1248,49,43,17.8,29.71,143.12,34.86%,20.07%,4.98,65.14%,109.21%,140.2%,26.11,145.62%,37.45%,21.91%,4.56,60.46%,106.4%,141.75%,36.93,139.73%,31.35%,17.57%,5.69,71.15%,117.86%,136.59%,30.06,138.36%,29.46,146.99%,140.2%,143.03%,149.25%,125%,246.67%,44.0,33.0,45.0,44.0,39.0,46.0,48.0,44.0,53.0,40.0,39.0,45.0,28.0,67.0,56.0,80.0,44.0,33.0,45.0
Nitish Rana,1199,46,41,19.48,29.24,133.82,39.96%,18.64%,5.37,56.38%,101.87%,115.95%,34.9,132.95%,46.86%,20.38%,4.91,45.93%,96.55%,113.89%,23.52,135.34%,30.14%,16.16%,6.19,70.59%,112.31%,119.71%,29.21,143.04%,29.27,126.77%,115.95%,145.88%,170.34%,118.31%,150%,68.0,53.0,76.0,50.0,43.0,47.0,20.0,7.0,68.0,52.0,54.0,46.0,75.0,63.0,34.0,85.0,75.0,53.0,78.0
Kyle Mayers,379,13,13,20.23,29.15,144.11,48.67%,22.81%,4.38,46.8%,100%,119.13%,38.83,134.68%,53.18%,22.54%,4.44,41.04%,97.96%,117.35%,20.86,162.22%,40%,23.33%,4.29,57.97%,109.09%,129.41%,44.2,153.47%,19.75,132.77%,119.13%,165.52%,171.79%,150%,50%,39.0,17.0,72.0,20.0,11.0,78.0,2.0,2.0,13.0,23.0,33.0,47.0,63.0,30.0,33.0,62.0,36.0,17.0,89.0
Mahendra Singh Dhoni,611,46,21,9.24,29.1,143.76,39.76%,20.24%,4.94,57.52%,133.7%,141.11%,28.71,166.55%,35.84%,24.57%,4.07,62.44%,160%,163.94%,30.75,93.18%,48.48%,10.61%,9.43,48.31%,61.22%,81.01%,25.27,135.84%,38.67,158.9%,141.11%,148.81%,123.26%,254.55%,NaN%,43.0,30.0,17.0,6.0,60.0,16.0,22.0,57.0,2.0,92.0,20.0,48.0,26.0,57.0,86.0,16.0,15.0,30.0,72.0
Michael Bracewell,58,4,2,11.75,29.0,123.4,31.91%,14.89%,6.71,70%,84.21%,118.18%,13.0,136.84%,36.84%,21.05%,4.75,66.67%,112.5%,158.33%,32.0,114.29%,28.57%,10.71%,9.33,72%,63.64%,95.24%,35.0,140%,23.0,104.55%,118.18%,135.71%,NaN%,NaN%,NaN%,,,,,,,,,,,,,,,,,,,
Marcus Stoinis,1041,46,36,15.54,28.92,145.59,35.66%,19.86%,5.04,62.65%,110.53%,123.29%,28.82,148.13%,39.02%,21.96%,4.55,58.08%,100.79%,120.63%,28.14,139.72%,30.85%,15.96%,6.27,69.2%,125.61%,127.46%,22.05,136.96%,37.5,152.67%,123.29%,155.98%,153.85%,186%,220%,36.0,37.0,41.0,45.0,76.0,22.0,43.0,33.0,56.0,53.0,38.0,49.0,51.0,43.0,50.0,35.0,50.0,37.0,54.0
Hardik Pandya,1176,54,41,16.46,28.68,132.28,34.08%,16.42%,6.09,68.1%,123.62%,130.63%,23.47,132.58%,36.35%,17.51%,5.71,66.67%,129.3%,129.85%,42.91,131.84%,30.73%,14.8%,6.75,70.16%,114.43%,131.9%,31.14,130.28%,26.1,134.88%,130.63%,126.91%,128.21%,137.5%,169.39%,75.0,74.0,78.0,53.0,35.0,56.0,55.0,53.0,59.0,67.0,78.0,50.0,41.0,84.0,78.0,75.0,64.0,74.0,27.0
Kane Williamson,513,24,18,19.88,28.5,103.22,43.86%,12.07%,8.28,57.89%,85.83%,88.74%,23.21,106.21%,49.35%,15.03%,6.65,48.08%,81.63%,88.17%,47.0,98.43%,35.08%,7.33%,13.64,72.32%,104.55%,90.57%,25.17,112.69%,29.83,99.44%,88.74%,110.87%,84.06%,144.68%,188.24%,92.0,90.0,92.0,2.0,61.0,44.0,5.0,3.0,29.0,12.0,88.0,51.0,4.0,92.0,1.0,66.0,57.0,90.0,69.0
Axar Patel,740,41,26,13.37,28.46,135.04,34.31%,16.42%,6.09,67.25%,103.14%,121.39%,25.33,136.12%,34.03%,16.72%,5.98,68.82%,105.08%,119.43%,35.5,133.33%,34.74%,15.96%,6.26,64.8%,100%,124.79%,34.91,131.06%,23.73,139.61%,121.39%,148.53%,179.63%,113.04%,400%,65.0,74.0,65.0,52.0,27.0,67.0,54.0,65.0,33.0,53.0,83.0,52.0,59.0,58.0,27.0,88.0,38.0,74.0,34.0
K Srikar Bharat,199,8,7,20.38,28.43,122.09,34.97%,12.27%,8.15,72.03%,75.68%,101.49%,23.6,112.38%,37.14%,9.52%,10.5,73.68%,77.14%,90.38%,40.5,139.66%,31.03%,17.24%,5.8,68.75%,50%,140%,19.0,96.61%,35.5,136.54%,101.49%,86.67%,191.67%,146.67%,160%,,,,,,,,,,,,53.0,,,,,,,
Ramandeep Singh,170,13,6,7.85,28.33,166.67,32.35%,20.59%,4.86,74.07%,170.91%,168.24%,25.4,201.59%,30.16%,28.57%,3.5,77.78%,212.5%,214.81%,43.0,110.26%,35.9%,7.69%,13.0,69.44%,60%,87.1%,26.2,177.03%,39.0,139.29%,168.24%,158.82%,NaN%,NaN%,NaN%,,,,,,,,,,,,,,,,,,,
Ishan Kishan,1433,53,51,20.08,28.1,134.68,39.94%,19.74%,5.07,56.56%,99.61%,122.8%,28.24,140.15%,43.91%,22.41%,4.46,50.78%,101.46%,127.63%,27.83,125.56%,33.33%,15.29%,6.54,65.38%,92%,104.08%,25.82,126.22%,29.83,140.88%,122.8%,137.91%,153.33%,145.07%,186.67%,67.0,39.0,55.0,65.0,54.0,44.0,21.0,15.0,44.0,62.0,36.0,54.0,54.0,70.0,51.0,65.0,58.0,39.0,77.0
Evin Lewis,224,10,8,14.9,28.0,150.34,40.27%,24.16%,4.14,53.1%,93.88%,132.14%,32.17,166.38%,37.07%,27.59%,3.62,55.95%,110%,143.08%,15.5,93.94%,51.52%,12.12%,8.25,44.83%,22.22%,94.74%,22.5,142.11%,44.5,164.81%,132.14%,184.09%,150%,157.14%,NaN%,,,,,,,,,,,,55.0,,,,,,,
Rilee Rossouw,420,17,15,15.12,28.0,163.42,35.41%,24.9%,4.02,62.18%,119.18%,154.76%,33.38,196.32%,34.56%,33.82%,2.96,58.89%,134%,176.83%,21.86,126.45%,36.36%,14.88%,6.72,65.05%,86.96%,113.64%,37.0,197.33%,24.73,149.45%,154.76%,174.07%,166.67%,171.43%,NaN%,11.0,7.0,4.0,62.0,21.0,60.0,46.0,61.0,24.0,66.0,3.0,55.0,11.0,22.0,38.0,43.0,15.0,7.0,57.0
Abhishek Porel,360,16,13,14.75,27.69,152.54,34.75%,22.03%,4.54,66.3%,122.37%,150.38%,33.38,168.99%,36.71%,27.22%,3.67,61.74%,133.33%,166.35%,18.6,119.23%,30.77%,11.54%,8.67,73.91%,69.23%,88.89%,39.83,169.5%,17.29,127.37%,150.38%,178.57%,138.46%,90%,NaN%,24.0,22.0,16.0,75.0,15.0,82.0,50.0,50.0,58.0,85.0,8.0,57.0,16.0,17.0,67.0,5.0,15.0,22.0,40.0
Ashutosh Sharma,189,9,7,12.56,27.0,167.26,33.63%,22.12%,4.52,67.05%,139.53%,153.95%,34.6,188.04%,30.43%,26.09%,3.83,72.06%,170.37%,183.64%,8.0,76.19%,47.62%,4.76%,21.0,50%,87.5%,76.19%,12.0,133.33%,38.25,177.91%,153.95%,200%,175%,NaN%,NaN%,,,,,,,,,,,,58.0,,,,,,,
Daryl Mitchell,351,15,13,17.87,27.0,130.97,28.36%,14.18%,7.05,77.83%,102.82%,128.99%,21.3,124.56%,30.99%,13.45%,7.43,75%,113.21%,118.75%,46.0,142.27%,23.71%,15.46%,6.47,82.93%,72.22%,152.38%,25.86,119.87%,28.33,145.3%,128.99%,121.28%,186.67%,50%,NaN%,77.0,86.0,85.0,41.0,53.0,48.0,89.0,78.0,90.0,61.0,90.0,58.0,44.0,90.0,22.0,8.0,15.0,86.0,4.0
Abhishek Sharma,1234,48,46,16.54,26.83,155.42,36.78%,23.05%,4.34,60.88%,111.26%,146.12%,25.69,145.51%,41.21%,23.44%,4.27,54.34%,104.68%,132.67%,28.35,173.38%,28.42%,22.3%,4.48,73.15%,132.76%,183.81%,25.38,154.49%,28.04,156.12%,146.12%,169.09%,162.28%,164.71%,135.71%,20.0,13.0,47.0,14.0,58.0,49.0,36.0,20.0,77.0,25.0,30.0,60.0,19.0,27.0,39.0,47.0,77.0,14.0,59.0
Dhruv Jurel,347,22,13,10.45,26.69,150.87,29.13%,19.57%,5.11,72.97%,110.87%,127.81%,24.4,158.44%,28.57%,21.43%,4.67,72.73%,107.55%,132.97%,34.33,135.53%,30.26%,15.79%,6.33,73.44%,115.38%,120%,20.83,160.26%,31.71,146.05%,127.81%,234%,145%,88.89%,NaN%,25.0,44.0,27.0,48.0,82.0,39.0,85.0,86.0,65.0,58.0,45.0,61.0,47.0,3.0,58.0,6.0,15.0,44.0,10.0
Prithvi Shaw,1066,41,40,16.93,26.65,153.6,36.6%,24.93%,4.01,58.73%,149.49%,147.49%,28.84,151.15%,40.04%,25.58%,3.91,54.37%,146.55%,146.29%,23.0,158.99%,29.03%,23.5%,4.25,68.07%,172.73%,153.57%,33.57,149.68%,22.92,156.84%,147.49%,170.27%,150.43%,144.44%,0%,22.0,6.0,38.0,22.0,31.0,70.0,39.0,25.0,75.0,21.0,16.0,62.0,17.0,26.0,55.0,68.0,90.0,6.0,68.0
David Willey,53,5,2,12.6,26.5,84.13,55.56%,11.11%,9.0,44.64%,78.95%,82.35%,27.0,103.85%,50%,15.38%,6.5,50%,100%,95.83%,13.0,70.27%,59.46%,8.11%,12.33,41.18%,42.86%,50%,4.0,200%,24.5,80.33%,82.35%,100%,55.56%,NaN%,NaN%,,,,,,,,,,,,,,,,,,,
Riyan Parag,927,45,35,14.8,26.49,139.19,34.08%,16.97%,5.89,67.09%,112.5%,118.59%,23.19,151.57%,36.08%,21.31%,4.69,62.77%,122.95%,131.77%,37.62,118.97%,30.83%,9.88%,10.12,73.25%,97.67%,103.07%,28.0,143.01%,24.69,134.35%,118.59%,137.25%,155.17%,232.65%,213.64%,53.0,71.0,37.0,77.0,47.0,62.0,55.0,55.0,57.0,1.0,46.0,63.0,65.0,71.0,48.0,21.0,52.0,70.0,35.0
Manish Pandey,582,24,22,20.62,26.45,117.58,36.57%,12.93%,7.73,67.75%,64.86%,95.94%,23.77,117.05%,39.02%,13.64%,7.33,63.6%,62.32%,92.17%,30.33,118.18%,33.77%,12.12%,8.25,72.41%,69.05%,101.22%,25.8,122.86%,27.0,113.68%,95.94%,133.79%,120.21%,141.67%,163.64%,90.0,89.0,89.0,79.0,55.0,52.0,40.0,33.0,39.0,81.0,89.0,64.0,3.0,74.0,87.0,70.0,67.0,88.0,31.0
Mayank Agarwal,971,38,37,19.63,26.24,130.16,38.47%,17.83%,5.61,61.5%,101.12%,116.46%,34.75,135.21%,39.69%,19.26%,5.19,60.48%,102.67%,119.34%,17.25,120%,35.22%,14.78%,6.76,64.29%,96.43%,104.35%,23.5,130.56%,30.27,129.71%,116.46%,132.37%,133.33%,161.97%,125%,79.0,64.0,69.0,74.0,69.0,41.0,28.0,28.0,28.0,68.0,67.0,65.0,71.0,77.0,72.0,50.0,83.0,64.0,58.0
Sam Curran,602,29,23,15.62,26.17,132.89,32.45%,15.67%,6.38,71.73%,116.91%,112.76%,24.13,144.22%,33.86%,19.52%,5.12,68.32%,135.06%,122.79%,30.0,118.81%,30.69%,10.89%,9.18,75.56%,93.22%,100%,29.5,136.57%,23.62,129.54%,112.76%,148.12%,154.17%,204.76%,175%,71.0,79.0,50.0,78.0,41.0,68.0,72.0,67.0,60.0,90.0,63.0,66.0,80.0,60.0,49.0,26.0,62.0,80.0,14.0
Shai Hope,183,9,7,13.56,26.14,150.0,36.89%,19.67%,5.08,64.29%,110.26%,128.57%,21.8,147.3%,45.95%,21.62%,4.62,53.45%,110.34%,127.66%,37.0,154.17%,22.92%,16.67%,6.0,80%,110%,130.43%,24.8,156.96%,29.5,137.21%,128.57%,194.59%,140%,NaN%,NaN%,,,,,,,,,,,,67.0,,,,,,,
Dawid Malan,26,1,1,26.0,26.0,100.0,38.46%,7.69%,13.0,66.67%,80%,100%,14.0,140%,40%,20%,5.0,50%,50%,50%,12.0,75%,37.5%,0%,inf,75%,100%,112.5%,26.0,100%,0.0,NaN%,100%,80%,133.33%,NaN%,NaN%,,,,,,,,,,,,,,,,,,,
Sikandar Raza,182,9,7,15.11,26.0,133.82,38.24%,14.71%,6.8,74.14%,114.29%,126.39%,23.0,122.67%,42.67%,13.33%,7.5,70.77%,123.53%,132.08%,30.0,147.54%,32.79%,16.39%,6.1,78.43%,75%,110.53%,11.0,117.86%,37.25,137.96%,126.39%,117.95%,221.43%,140%,0%,,,,,,,,,,,,68.0,,,,,,,
Harpreet Singh,103,5,4,18.6,25.75,110.75,44.09%,13.98%,7.15,56.25%,84%,95.92%,32.0,120.75%,49.06%,18.87%,5.3,41.86%,93.33%,103.23%,19.5,97.5%,37.5%,7.5%,13.33,72.97%,70%,83.33%,27.5,117.02%,24.0,104.35%,95.92%,88.24%,260%,NaN%,NaN%,,,,,,,,,,,,,,,,,,,
Rohit Sharma,1398,57,55,18.54,25.42,132.26,44.28%,19.68%,5.08,50.88%,103.28%,116.4%,28.58,133.19%,48.31%,20.76%,4.82,44.74%,102.07%,114.53%,20.68,130.37%,36.1%,17.48%,5.72,62.85%,112.12%,125.93%,24.22,128.94%,26.28,134.56%,116.4%,151.39%,137.29%,156.14%,112%,76.0,40.0,75.0,57.0,66.0,55.0,3.0,4.0,26.0,42.0,50.0,69.0,72.0,54.0,69.0,56.0,85.0,40.0,87.0
Ayush Badoni,634,35,25,13.6,25.36,133.19,32.35%,14.71%,6.8,75.37%,106.67%,116.03%,25.33,141.18%,32.82%,17.03%,5.87,74.63%,112.3%,125.62%,25.43,116.34%,31.37%,9.8%,10.2,76.81%,90.7%,92.86%,38.67,143.65%,13.08,111.11%,116.03%,134.51%,196.43%,205.26%,0%,69.0,84.0,54.0,81.0,16.0,90.0,73.0,74.0,52.0,3.0,81.0,70.0,74.0,73.0,14.0,25.0,90.0,84.0,6.0
Steven Smith,152,7,6,19.43,25.33,111.76,32.35%,11.03%,9.07,72.73%,117.14%,98.41%,10.67,103.23%,45.16%,12.9%,7.75,51.85%,133.33%,111.76%,88.0,118.92%,21.62%,9.46%,10.57,89.55%,92.86%,82.76%,73.0,123.73%,15.8,102.6%,98.41%,107.14%,159.26%,50%,NaN%,,,,,,,,,,,,,,,,,,,
Kuldeep Yadav,126,22,5,6.5,25.2,88.11,49.65%,9.79%,10.21,49.61%,84.06%,88.79%,25.25,90.18%,48.21%,9.82%,10.18,52.48%,86.27%,95.29%,25.0,80.65%,54.84%,9.68%,10.33,39.29%,77.78%,63.64%,49.0,122.5%,19.25,74.76%,88.79%,68.97%,157.14%,NaN%,NaN%,,,,,,,,,,,,,,,,,,,
Rachin Ravindra,222,10,9,13.8,24.67,160.87,34.78%,24.64%,4.06,59.62%,120.93%,146.25%,41.25,170.1%,39.18%,28.87%,3.46,50.72%,118.18%,148.57%,11.4,139.02%,24.39%,14.63%,6.83,77.14%,130%,130%,19.75,171.74%,28.6,155.43%,146.25%,185.37%,130%,228.57%,NaN%,,,,,,,,,,,,71.0,,,,,,,
Robin Uthappa,345,15,14,17.0,24.64,135.29,41.57%,18.04%,5.54,58.85%,86.96%,98.37%,30.0,131.87%,46.7%,19.78%,5.06,50.68%,80.33%,94.55%,17.5,143.84%,28.77%,13.7%,7.3,77.78%,137.5%,130.77%,26.33,142.77%,21.6,121.35%,98.37%,160%,178.79%,175%,185.71%,62.0,62.0,79.0,38.0,51.0,74.0,13.0,9.0,76.0,74.0,60.0,72.0,1.0,39.0,28.0,40.0,59.0,62.0,67.0
Ambati Rayudu,689,36,29,14.08,24.61,135.9,37.87%,18.15%,5.51,57.59%,98.79%,121.4%,24.44,146.18%,39.87%,21.59%,4.63,53.39%,107.14%,133.57%,24.9,120.87%,34.95%,13.11%,7.63,63.13%,90.12%,109.66%,26.69,138.64%,21.83,131.66%,121.4%,151.09%,143.86%,208%,66.67%,59.0,59.0,44.0,71.0,49.0,72.0,31.0,26.0,31.0,76.0,44.0,73.0,58.0,55.0,60.0,24.0,34.0,58.0,70.0
Moeen Ali,853,40,35,15.68,24.37,136.04,39.55%,18.82%,5.31,57.56%,91.35%,121.52%,31.56,136.49%,40.81%,20%,5.0,55.74%,94.93%,129.22%,18.32,135.41%,37.74%,17.12%,5.84,60.09%,80.85%,106.31%,24.7,139.56%,23.75,129.55%,121.52%,153.59%,167.61%,139.29%,90%,58.0,50.0,63.0,49.0,63.0,66.0,23.0,22.0,19.0,47.0,58.0,74.0,57.0,48.0,37.0,72.0,30.0,50.0,71.0
Pat Cummins,292,20,12,8.75,24.33,166.86,38.29%,23.43%,4.27,62.69%,122.86%,143.52%,22.9,174.81%,38.17%,25.95%,3.85,60.82%,131.82%,147.89%,31.5,143.18%,38.64%,15.91%,6.29,67.57%,107.69%,135.14%,20.67,129.17%,28.0,212.66%,143.52%,222.45%,185.71%,50%,NaN%,8.0,12.0,12.0,39.0,84.0,50.0,30.0,37.0,16.0,56.0,15.0,75.0,24.0,5.0,23.0,8.0,15.0,12.0,53.0
Prabhsimran Singh,725,31,30,15.71,24.17,148.87,44.15%,23.61%,4.23,49.73%,110.14%,129.22%,23.52,150.61%,46.95%,25%,4.0,44.72%,106.45%,129.82%,25.67,145.28%,38.36%,20.75%,4.82,59.52%,142.86%,124%,25.56,146.07%,22.57,152.66%,129.22%,177.94%,124.53%,191.67%,153.33%,29.0,11.0,39.0,33.0,56.0,71.0,4.0,6.0,17.0,29.0,18.0,76.0,43.0,18.0,83.0,32.0,73.0,11.0,88.0
Sam Billings,169,8,7,17.25,24.14,122.46,40.58%,13.77%,7.26,61.34%,123.08%,127.4%,17.0,121.43%,45.71%,15.71%,6.36,55.93%,100%,143.33%,42.0,123.53%,35.29%,11.76%,8.5,66.67%,133.33%,116.28%,24.0,109.09%,24.2,128.72%,127.4%,114.89%,122.22%,NaN%,NaN%,,,,,,,,,,,,,,,,,,,
Tanush Kotian,24,1,1,31.0,24.0,77.42,54.84%,9.68%,10.33,42.86%,100%,60%,23.0,95.83%,45.83%,12.5%,8.0,52.38%,100%,60%,1.0,14.29%,85.71%,0%,inf,14.29%,NaN%,NaN%,0.0,NaN%,24.0,77.42%,60%,120%,60%,0%,NaN%,,,,,,,,,,,,,,,,,,,
Ajinkya Rahane,709,31,30,16.87,23.63,135.56,34.8%,17.21%,5.81,68.13%,116.34%,121.23%,26.94,145.4%,40.63%,20.95%,4.77,60.24%,114.41%,121.84%,19.31,120.67%,25.96%,11.54%,8.67,78.8%,122.86%,119.77%,23.0,132.85%,24.36,138.62%,121.23%,152.15%,160.94%,100%,NaN%,61.0,67.0,48.0,73.0,71.0,64.0,49.0,23.0,84.0,85.0,49.0,77.0,60.0,51.0,43.0,90.0,15.0,67.0,26.0
Dwayne Bravo,70,9,3,4.78,23.33,162.79,32.56%,20.93%,4.78,70.59%,184.62%,170.27%,60.0,171.43%,31.43%,22.86%,4.38,74.07%,200%,190.32%,5.0,125%,37.5%,12.5%,8.0,57.14%,0%,66.67%,34.5,168.29%,1.0,50%,170.27%,116.67%,NaN%,NaN%,NaN%,,,,,,,,,,,,,,,,,,,
Nehal Wadhera,350,16,15,15.69,23.33,139.44,38.65%,19.92%,5.02,56.72%,125.76%,123.01%,16.18,134.85%,42.42%,19.7%,5.08,50.94%,118.42%,127.69%,43.0,144.54%,34.45%,20.17%,4.96,63.16%,135.71%,116.67%,36.33,146.31%,14.67,129.41%,123.01%,151.52%,138.89%,154.17%,218.18%,52.0,35.0,70.0,35.0,24.0,87.0,27.0,16.0,34.0,31.0,61.0,78.0,53.0,52.0,66.0,57.0,51.0,35.0,76.0
Naman Dhir,140,7,6,11.29,23.33,177.22,37.97%,27.85%,3.59,56.14%,158.06%,151.79%,22.8,180.95%,41.27%,28.57%,3.5,53.33%,158.33%,156.52%,26.0,162.5%,25%,25%,4.0,66.67%,157.14%,130%,0.0,0%,28.0,179.49%,151.79%,186.67%,337.5%,NaN%,NaN%,,,,,,,,,,,,,,,,,,,
Angkrish Raghuvanshi,163,7,7,15.0,23.29,155.24,32.38%,22.86%,4.38,62.96%,179.41%,146.43%,19.5,164.79%,36.62%,25.35%,3.94,58.49%,187.5%,154.55%,46.0,135.29%,23.53%,17.65%,5.67,71.43%,50%,116.67%,26.0,157.58%,7.0,116.67%,146.43%,169.44%,153.85%,NaN%,NaN%,,,,,,,,,,,,,,,,,,,
Mitchell Marsh,440,21,19,15.43,23.16,135.8,41.98%,19.44%,5.14,53.64%,113.33%,119.61%,24.0,156%,45.5%,26%,3.85,45.95%,125.68%,135.09%,21.33,103.23%,36.29%,8.87%,11.27,63.72%,56.25%,74.36%,20.0,141.41%,25.0,133.33%,119.61%,162.82%,141.18%,124.14%,133.33%,60.0,45.0,30.0,91.0,85.0,59.0,10.0,11.0,25.0,7.0,14.0,79.0,61.0,34.0,63.0,82.0,78.0,45.0,82.0
Devdutt Padikkal,1086,49,47,18.16,23.11,122.02,42.7%,17.19%,5.82,55.09%,89.91%,108.62%,20.74,122.43%,46.37%,18.89%,5.29,48.65%,97.55%,120.98%,30.0,121.21%,35.35%,13.8%,7.24,67.19%,70.77%,79.17%,21.5,122.16%,25.94,121.82%,108.62%,136.72%,137.76%,110%,126.67%,85.0,68.0,87.0,69.0,81.0,58.0,8.0,10.0,27.0,72.0,69.0,80.0,88.0,72.0,68.0,89.0,81.0,68.0,81.0
Rahul Tewatia,647,42,28,11.43,23.11,134.79,36.67%,18.12%,5.52,62.34%,114.05%,116.99%,21.57,144.61%,35.86%,20.41%,4.9,63%,136.07%,133.5%,30.2,110.22%,38.69%,12.41%,8.06,60.83%,71.43%,84.47%,18.77,137.08%,26.87,133.44%,116.99%,171.22%,144.83%,150%,NaN%,66.0,60.0,49.0,87.0,88.0,53.0,37.0,56.0,15.0,78.0,53.0,80.0,70.0,25.0,59.0,62.0,15.0,60.0,56.0
Bhanuka Rajapaksa,277,13,12,14.69,23.08,145.03,36.65%,19.37%,5.16,64.29%,121.05%,153.76%,20.11,157.39%,34.78%,21.74%,4.6,67.78%,150%,166%,32.0,126.32%,39.47%,15.79%,6.33,59.38%,84%,139.53%,22.62,140.31%,24.0,154.84%,153.76%,143.1%,138.89%,25%,NaN%,38.0,46.0,28.0,63.0,73.0,65.0,38.0,60.0,14.0,58.0,42.0,82.0,13.0,66.0,66.0,17.0,15.0,46.0,48.0
Shahrukh Khan,553,37,24,10.57,23.04,141.43,37.85%,18.41%,5.43,59.87%,129.76%,136.7%,18.85,160.43%,34.47%,22.55%,4.43,63.19%,171.15%,165.22%,44.0,112.82%,42.95%,12.18%,8.21,55.47%,62.5%,93.4%,24.38,137.32%,20.38,152.34%,136.7%,146.99%,168.57%,116.67%,NaN%,46.0,56.0,25.0,84.0,64.0,77.0,32.0,63.0,8.0,80.0,32.0,83.0,32.0,62.0,35.0,86.0,15.0,56.0,63.0
Dewald Brevis,230,10,10,17.3,23.0,132.95,46.24%,19.08%,5.24,47.14%,78.26%,101.2%,14.38,125%,51.09%,20.65%,4.84,39.73%,67.57%,96.61%,57.5,141.98%,40.74%,17.28%,5.79,55.22%,122.22%,112.5%,10.25,107.89%,31.5,140%,101.2%,185.19%,160%,54.55%,NaN%,,,,,,,,,,,,84.0,,,,,,,
Romario Shepherd,115,9,5,7.0,23.0,182.54,38.1%,26.98%,3.71,58.7%,129.03%,176%,30.33,221.95%,29.27%,34.15%,2.93,62.96%,121.05%,197.06%,12.0,109.09%,54.55%,13.64%,7.33,52.63%,141.67%,131.25%,66.0,244.44%,12.25,136.11%,176%,207.69%,NaN%,NaN%,NaN%,,,,,,,,,,,,,,,,,,,
Umran Malik,23,5,1,3.2,23.0,143.75,50%,18.75%,5.33,53.85%,107.69%,143.75%,23.0,164.29%,42.86%,21.43%,4.67,63.64%,127.27%,164.29%,0.0,0%,100%,0%,inf,0%,0%,0%,0.0,0%,23.0,153.33%,143.75%,NaN%,NaN%,NaN%,NaN%,,,,,,,,,,,,,,,,,,,
Suresh Raina,160,11,7,11.64,22.86,125.0,45.31%,17.19%,5.82,50.94%,82.69%,114.29%,11.33,90.67%,53.33%,12%,8.33,42.42%,46.88%,67.35%,92.0,173.58%,33.96%,24.53%,4.08,65%,140%,180%,21.0,125%,27.5,125%,114.29%,117.86%,210%,166.67%,NaN%,,,,,,,,,,,,,,,,,,,
Jitesh Sharma,730,36,32,13.44,22.81,150.83,36.16%,20.25%,4.94,64.25%,141.28%,153.8%,21.9,155.32%,37.94%,22.34%,4.48,63.01%,150.56%,154.88%,24.33,144.55%,33.66%,17.33%,5.77,65.87%,131.33%,152.52%,30.69,156.87%,14.94,139.77%,153.8%,148.15%,147.62%,50%,NaN%,26.0,29.0,32.0,34.0,37.0,86.0,42.0,39.0,41.0,43.0,37.0,85.0,12.0,59.0,57.0,8.0,15.0,30.0,49.0
Wriddhiman Saha,955,46,42,17.43,22.74,119.08,42.27%,16.83%,5.94,55.32%,90.37%,114.1%,22.74,126.12%,47.41%,20.57%,4.86,45.72%,85.94%,111.82%,22.73,102.88%,30.45%,8.23%,12.15,74.44%,123.08%,132.56%,21.95,115.51%,23.39,122%,114.1%,140.29%,103.85%,115.79%,84.21%,88.0,72.0,84.0,92.0,77.0,69.0,9.0,5.0,63.0,9.0,52.0,86.0,76.0,68.0,91.0,87.0,31.0,72.0,79.0
Anuj Rawat,318,21,14,12.81,22.71,118.22,43.12%,14.87%,6.72,56.77%,87.21%,103.42%,25.6,134.03%,42.41%,18.85%,5.31,55.48%,98.39%,119.39%,15.5,79.49%,44.87%,5.13%,19.5,59.46%,58.33%,70.83%,23.71,134.96%,21.71,104.11%,103.42%,122.22%,152%,160%,200%,89.0,82.0,73.0,8.0,68.0,73.0,7.0,17.0,7.0,15.0,70.0,87.0,91.0,89.0,53.0,52.0,54.0,82.0,75.0
Rahmanullah Gurbaz,289,13,13,16.69,22.23,133.18,49.77%,19.82%,5.05,45.4%,84.48%,123.15%,22.11,123.6%,55.28%,19.25%,5.19,39.23%,90.57%,129.59%,22.5,160.71%,33.93%,21.43%,4.67,63.64%,20%,60%,32.8,150.46%,15.62,115.74%,123.15%,118.87%,130%,238.1%,80%,70.0,38.0,86.0,21.0,34.0,85.0,1.0,1.0,38.0,28.0,68.0,88.0,52.0,91.0,76.0,19.0,32.0,38.0,91.0
Jaydev Unadkat,133,14,6,7.07,22.17,134.34,38.38%,16.16%,6.19,68.67%,148.21%,132.18%,24.4,150.62%,38.27%,19.75%,5.06,70.77%,162.5%,148.57%,11.0,61.11%,38.89%,0%,inf,61.11%,62.5%,64.71%,47.0,127.03%,17.2,138.71%,132.18%,150%,NaN%,NaN%,NaN%,,,,,,,,,,,,,,,,,,,
Hrithik Shokeen,66,5,3,13.0,22.0,101.54,47.69%,13.85%,7.22,53.57%,57.89%,91.18%,16.0,88.89%,50%,11.11%,9.0,50%,30.77%,76%,34.0,117.24%,44.83%,17.24%,5.8,58.33%,116.67%,133.33%,24.0,114.29%,18.0,78.26%,91.18%,126.09%,75%,NaN%,NaN%,,,,,,,,,,,,,,,,,,,
Kyle Jamieson,65,7,3,7.86,21.67,118.18,45.45%,14.55%,6.88,57.45%,136.67%,116.33%,14.0,131.25%,40.62%,15.62%,6.4,66.67%,137.5%,125%,23.0,100%,52.17%,13.04%,7.67,45%,135.71%,104.76%,29.0,107.41%,18.0,128.57%,116.33%,133.33%,NaN%,NaN%,NaN%,,,,,,,,,,,,,,,,,,,
Kieron Pollard,389,24,18,12.5,21.61,129.67,41%,15.67%,6.38,59.68%,118.97%,121.74%,27.73,139.27%,39.27%,17.81%,5.62,62.78%,137.5%,127.41%,12.0,103.7%,45.68%,9.88%,10.12,52.05%,88.64%,111.11%,14.8,115.62%,30.12,140.12%,121.74%,127.4%,200%,300%,NaN%,80.0,79.0,58.0,90.0,90.0,42.0,14.0,31.0,6.0,1.0,76.0,89.0,56.0,83.0,12.0,12.0,15.0,80.0,64.0
Chris Gayle,193,10,9,15.4,21.44,125.32,44.16%,18.83%,5.31,48.8%,93.33%,109.64%,20.67,127.84%,41.24%,19.59%,5.11,51.28%,111.76%,121.88%,23.0,121.05%,49.12%,17.54%,5.7,44.68%,36.36%,68.42%,16.67,126.05%,43.0,122.86%,109.64%,140.91%,127.27%,240%,NaN%,,,,,,,,,,,,90.0,,,,,,,
Harry Brook,190,11,9,14.18,21.11,121.79,42.95%,17.31%,5.78,57.36%,95.65%,96.15%,21.17,122.12%,50%,20.19%,4.95,44.58%,94.87%,90.91%,21.0,121.15%,28.85%,11.54%,8.67,80.43%,100%,125%,37.0,154.17%,8.4,70%,96.15%,136.59%,54.55%,180%,210%,,,,,,,,,,,,91.0,,,,,,,
David Wiese,21,3,1,3.67,21.0,190.91,45.45%,27.27%,3.67,37.5%,200%,190.91%,21.0,262.5%,25%,37.5%,2.67,60%,285.71%,262.5%,0.0,0%,100%,0%,inf,0%,0%,0%,20.0,222.22%,1.0,50%,190.91%,NaN%,NaN%,NaN%,NaN%,,,,,,,,,,,,,,,,,,,
Deepak Hooda,840,46,40,14.13,21.0,129.23,33.08%,14.77%,6.77,70.76%,114.49%,117.31%,20.4,129.77%,38.17%,17.05%,5.87,62.58%,121.85%,121.6%,22.0,128.4%,25.29%,11.28%,8.86,82.46%,94.64%,107.89%,25.29,132.75%,16.26,123.6%,117.31%,131.48%,162.11%,164.29%,0%,82.0,83.0,83.0,60.0,59.0,84.0,67.0,37.0,85.0,88.0,80.0,92.0,69.0,78.0,40.0,48.0,90.0,83.0,15.0
Mayank Markande,21,3,0,4.33,21.0,161.54,30.77%,23.08%,4.33,70%,155.56%,161.54%,14.0,175%,37.5%,25%,4.0,66.67%,185.71%,175%,7.0,140%,20%,20%,5.0,75%,50%,140%,0.0,NaN%,21.0,161.54%,161.54%,NaN%,NaN%,NaN%,NaN%,,,,,,,,,,,,,,,,,,,
Tom Curran,21,2,1,8.5,21.0,123.53,29.41%,11.76%,8.5,86.67%,133.33%,118.18%,17.0,121.43%,35.71%,14.29%,7.0,75%,140%,112.5%,4.0,133.33%,0%,0%,inf,133.33%,100%,133.33%,21.0,123.53%,0.0,NaN%,118.18%,133.33%,NaN%,NaN%,NaN%,,,,,,,,,,,,,,,,,,,
Vijay Shankar,461,26,22,13.35,20.95,132.85,35.16%,16.14%,6.2,67.7%,114.96%,111.66%,17.35,131.11%,37.78%,16.89%,5.92,63.64%,127.27%,112.41%,33.2,136.07%,30.33%,14.75%,6.78,75%,96%,110.26%,21.83,129.7%,20.62,134.15%,111.66%,152.17%,214.81%,280%,NaN%,72.0,77.0,81.0,47.0,78.0,76.0,47.0,41.0,64.0,69.0,82.0,93.0,84.0,50.0,8.0,13.0,15.0,77.0,32.0
Lalit Yadav,305,21,15,13.81,20.33,105.17,40.69%,11.72%,8.53,60.55%,88.78%,81.41%,22.78,113.89%,37.22%,13.33%,7.5,66.03%,109.23%,93.07%,16.67,90.91%,46.36%,9.09%,11.0,52%,48.48%,60%,12.2,85.92%,24.4,111.42%,81.41%,143.68%,100%,175%,NaN%,91.0,92.0,91.0,7.0,92.0,63.0,17.0,47.0,5.0,6.0,91.0,94.0,5.0,65.0,92.0,40.0,15.0,92.0,60.0
Ripal Patel,80,7,4,10.43,20.0,109.59,35.62%,10.96%,9.12,67.69%,84.85%,114.81%,24.5,102.08%,29.17%,8.33%,12.0,75%,81.82%,111.11%,15.5,124%,48%,16%,6.25,52.38%,90.91%,122.22%,35.0,134.62%,15.0,95.74%,114.81%,94.74%,NaN%,NaN%,NaN%,,,,,,,,,,,,,,,,,,,
Shahbaz Ahmed,535,36,27,12.25,19.81,121.32,35.6%,12.02%,8.32,70.36%,109.32%,112.69%,20.88,137.07%,33.98%,15.44%,6.47,73.52%,128.05%,128.19%,18.0,98.9%,37.91%,7.14%,14.0,66.27%,89.87%,93.28%,22.83,128.64%,17.4,114.47%,112.69%,122.76%,174.42%,100%,NaN%,86.0,91.0,62.0,1.0,72.0,81.0,44.0,66.0,18.0,13.0,86.0,95.0,81.0,88.0,31.0,90.0,15.0,91.0,16.0
Krunal Pandya,647,50,33,10.82,19.61,119.59,38.45%,12.94%,7.73,69%,95.67%,110.79%,24.72,136.09%,32.42%,16.21%,6.17,77.01%,107.81%,126.54%,13.4,94.37%,47.89%,7.98%,12.53,57.65%,75.95%,85.5%,22.6,121.94%,17.11,117.11%,110.79%,143.88%,114.89%,120%,50%,87.0,88.0,66.0,5.0,74.0,83.0,29.0,75.0,3.0,10.0,84.0,96.0,85.0,64.0,90.0,84.0,36.0,88.0,23.0
Matt Short,117,6,6,15.33,19.5,127.17,48.91%,20.65%,4.84,45.21%,132.14%,140%,51.0,143.66%,47.89%,25.35%,3.94,45.28%,132.14%,142.86%,3.75,71.43%,52.38%,4.76%,21.0,45%,NaN%,0%,18.75,119.05%,21.0,144.83%,140%,120%,91.67%,NaN%,NaN%,,,,,,,,,,,,,,,,,,,
Swapnil Singh,39,6,2,4.17,19.5,156.0,40%,24%,4.17,47.37%,125%,156%,11.5,176.92%,23.08%,23.08%,4.33,70%,191.67%,176.92%,16.0,133.33%,58.33%,25%,4.0,22.22%,25%,133.33%,11.0,183.33%,17.0,130.77%,156%,NaN%,NaN%,NaN%,NaN%,,,,,,,,,,,,,,,,,,,
Abdul Samad,466,32,24,10.34,19.42,140.79,36.25%,17.82%,5.61,62.5%,130.43%,144.83%,20.47,166.51%,33.49%,23.92%,4.18,65.41%,181.82%,186.13%,16.86,96.72%,40.98%,7.38%,13.56,58.41%,65.57%,85.26%,25.91,161.02%,13.92,117.53%,144.83%,130%,129.41%,200%,NaN%,48.0,65.0,18.0,4.0,52.0,88.0,41.0,70.0,11.0,11.0,27.0,97.0,20.0,80.0,77.0,29.0,15.0,64.0,55.0
Harpreet Brar,213,23,11,7.83,19.36,118.33,40.56%,13.89%,7.2,62.58%,109.3%,116.92%,20.0,126.98%,39.68%,15.87%,6.3,64.15%,128%,139.51%,17.67,98.15%,42.59%,9.26%,10.8,59.18%,83.33%,79.59%,24.83,123.14%,12.8,108.47%,116.92%,122%,NaN%,NaN%,NaN%,,,,,,,,,,,,98.0,,,,,,,
Rashid Khan,406,35,21,7.0,19.33,165.71,37.14%,23.67%,4.22,64.17%,140.71%,156.07%,16.95,166.18%,37.75%,24.51%,4.08,62.99%,139.18%,159.18%,67.0,163.41%,34.15%,19.51%,5.12,69.7%,150%,138.46%,13.4,125.23%,24.73,197.1%,156.07%,176.36%,260%,0%,NaN%,9.0,10.0,19.0,18.0,91.0,60.0,34.0,42.0,35.0,36.0,21.0,99.0,10.0,19.0,3.0,92.0,15.0,10.0,50.0
Mahipal Lomror,440,29,23,10.21,19.13,148.65,31.42%,18.58%,5.38,68.88%,111.67%,133.16%,15.07,141.25%,37.5%,19.38%,5.16,62.02%,121.88%,125.51%,26.75,157.35%,24.26%,17.65%,5.67,76.79%,100%,141.05%,19.25,145.97%,18.86,155.29%,133.16%,198.65%,124.14%,NaN%,NaN%,30.0,54.0,53.0,23.0,87.0,79.0,81.0,43.0,88.0,39.0,66.0,100.0,38.0,10.0,84.0,2.0,15.0,54.0,24.0
Amit Mishra,19,1,1,30.0,19.0,63.33,56.67%,6.67%,15.0,39.29%,40%,30%,17.0,94.44%,38.89%,11.11%,9.0,56.25%,100%,50%,2.0,16.67%,83.33%,0%,inf,16.67%,0%,16.67%,0.0,NaN%,19.0,63.33%,30%,70%,90%,NaN%,NaN%,,,,,,,,,,,,,,,,,,,
,19,1,1,15.0,19.0,126.67,26.67%,13.33%,7.5,69.23%,80%,120%,3.0,50%,50%,0%,inf,50%,NaN%,33.33%,16.0,177.78%,11.11%,22.22%,4.5,85.71%,80%,157.14%,19.0,126.67%,0.0,NaN%,120%,140%,NaN%,NaN%,NaN%,,,,,,,,,,,,,,,,,,,
Josh Hazlewood,19,6,0,4.67,19.0,67.86,46.43%,3.57%,28.0,55.56%,70%,66.67%,19.0,67.86%,46.43%,3.57%,28.0,55.56%,70%,66.67%,0.0,NaN%,NaN%,NaN%,,NaN%,NaN%,NaN%,5.0,33.33%,14.0,107.69%,66.67%,100%,NaN%,NaN%,NaN%,,,,,,,,,,,,,,,,,,,
Rishi Dhawan,57,6,3,8.67,19.0,109.62,53.85%,15.38%,6.5,43.18%,119.05%,111.11%,34.0,147.83%,47.83%,26.09%,3.83,35.29%,216.67%,163.64%,11.5,79.31%,58.62%,6.9%,14.5,48.15%,80%,88%,16.0,188.24%,25.0,71.43%,111.11%,121.43%,0%,NaN%,NaN%,,,,,,,,,,,,,,,,,,,
Rovman Powell,360,22,19,11.14,18.95,146.94,41.63%,20%,5.0,55.1%,97.94%,122.36%,22.0,169.23%,35.66%,24.48%,4.09,62.96%,148.72%,158.33%,14.75,115.69%,50%,13.73%,7.29,45.45%,63.79%,93.26%,21.83,131%,17.62,157.93%,122.36%,201.85%,195.24%,144.44%,NaN%,32.0,34.0,15.0,83.0,78.0,80.0,12.0,58.0,1.0,73.0,22.0,101.0,55.0,9.0,15.0,68.0,15.0,34.0,80.0
Ravichandran Ashwin,388,34,21,8.88,18.48,128.48,32.78%,14.24%,7.02,70.27%,104.55%,113%,15.87,135.23%,29.55%,15.34%,6.52,77.85%,123.33%,129.03%,25.0,119.05%,37.3%,12.7%,7.88,60%,64.29%,86.84%,22.08,134.52%,13.67,117.14%,113%,164%,152.63%,125%,NaN%,83.0,85.0,68.0,76.0,75.0,89.0,68.0,84.0,20.0,77.0,87.0,102.0,78.0,33.0,52.0,80.0,15.0,85.0,18.0
Narayan Jagadeesan,129,8,7,14.88,18.43,108.4,47.06%,15.97%,6.26,49%,70.27%,80.33%,13.67,97.62%,52.38%,14.29%,7.0,44.44%,60.61%,69.09%,47.0,134.29%,34.29%,20%,5.0,60.71%,150%,183.33%,21.5,98.85%,14.33,134.38%,80.33%,171.43%,85%,100%,NaN%,,,,,,,,,,,,,,,,,,,
Sunil Narine,642,43,35,8.93,18.34,167.19,43.23%,27.6%,3.62,46.04%,129.17%,140.74%,19.96,165.74%,45.33%,28.03%,3.57,42.79%,132.26%,144.09%,14.82,171.58%,36.84%,26.32%,3.8,55.71%,110%,120%,25.53,168.87%,11.56,163.78%,140.74%,192.31%,209.3%,200%,290%,7.0,4.0,21.0,15.0,57.0,91.0,6.0,12.0,22.0,18.0,7.0,103.0,27.0,11.0,9.0,29.0,41.0,4.0,90.0
Naveen-ul-Haq,18,4,1,6.25,18.0,72.0,60%,8%,12.5,43.48%,41.18%,54.55%,16.0,72.73%,63.64%,9.09%,11.0,40%,35.71%,52.63%,2.0,66.67%,33.33%,0%,inf,66.67%,66.67%,66.67%,2.0,66.67%,16.0,72.73%,54.55%,200%,NaN%,NaN%,NaN%,,,,,,,,,,,,,,,,,,,
Trent Boult,71,17,4,3.76,17.75,110.94,39.06%,10.94%,9.14,68.42%,104.35%,112.7%,15.33,106.98%,34.88%,9.3%,10.75,76.92%,116.13%,109.52%,25.0,119.05%,47.62%,14.29%,7.0,50%,80%,119.05%,17.0,133.33%,3.0,23.08%,112.7%,0%,NaN%,NaN%,NaN%,,,,,,,,,,,,,,,,,,,
Aaron Finch,86,5,5,12.2,17.2,140.98,42.62%,21.31%,4.69,58.33%,76%,92.31%,13.2,122.22%,46.3%,16.67%,6.0,57.78%,76%,92.31%,20.0,285.71%,14.29%,57.14%,1.75,66.67%,NaN%,NaN%,5.0,83.33%,25.33,155.1%,92.31%,200%,275%,NaN%,NaN%,,,,,,,,,,,,,,,,,,,
Jayant Yadav,34,2,2,13.0,17.0,130.77,30.77%,11.54%,8.67,86.96%,188.89%,157.14%,14.0,107.69%,46.15%,15.38%,6.5,54.55%,225%,166.67%,20.0,153.85%,15.38%,7.69%,13.0,116.67%,160%,150%,17.0,130.77%,0.0,NaN%,157.14%,120%,0%,NaN%,NaN%,,,,,,,,,,,,,,,,,,,
Odean Smith,51,6,3,7.5,17.0,113.33,53.33%,13.33%,7.5,43.59%,77.27%,102.7%,16.33,125.64%,51.28%,15.38%,6.5,45.45%,89.47%,116.13%,2.0,33.33%,66.67%,0%,inf,33.33%,0%,33.33%,8.67,70.27%,25.0,312.5%,102.7%,162.5%,NaN%,NaN%,NaN%,,,,,,,,,,,,,,,,,,,
Kedar Jadhav,67,6,4,10.33,16.75,108.06,32.26%,8.06%,12.4,75.44%,155.17%,123.53%,16.5,94.29%,40%,8.57%,11.67,59.38%,153.33%,111.54%,17.0,125.93%,22.22%,7.41%,13.5,96%,157.14%,136%,27.0,122.73%,13.33,100%,123.53%,36.36%,NaN%,NaN%,NaN%,,,,,,,,,,,,,,,,,,,
Abhinav Manohar,231,15,14,11.67,16.5,132.0,36%,17.71%,5.65,60.42%,96.77%,112.75%,18.0,150%,35.42%,22.92%,4.36,62.16%,125%,138.6%,14.5,110.13%,36.71%,11.39%,8.78,58.57%,57.69%,80%,19.44,150.86%,11.2,94.92%,112.75%,185.71%,115%,50%,NaN%,,,,,,,,,,,,104.0,,,,,,,
Shubham Dubey,33,3,2,6.33,16.5,173.68,26.32%,26.32%,3.8,64.29%,127.27%,194.12%,15.0,214.29%,21.43%,35.71%,2.8,66.67%,171.43%,250%,3.0,60%,40%,0%,inf,60%,50%,60%,0.0,0%,33.0,183.33%,194.12%,0%,NaN%,NaN%,NaN%,,,,,,,,,,,,,,,,,,,
Sherfane Rutherford,33,2,2,25.0,16.5,66.0,52%,4%,25.0,47.92%,30%,40%,4.0,38.1%,66.67%,0%,inf,38.1%,20%,30.77%,25.0,86.21%,41.38%,6.9%,14.5,55.56%,40%,57.14%,0.0,NaN%,16.5,66%,40%,100%,110%,40%,NaN%,,,,,,,,,,,,,,,,,,,
Matthew Wade,161,11,10,13.45,16.1,108.78,50%,16.89%,5.92,46.34%,111.54%,122.73%,17.14,129.03%,51.61%,23.66%,4.23,39.44%,114.89%,128.77%,13.67,74.55%,47.27%,5.45%,18.33,55.77%,80%,93.33%,14.5,118.37%,17.17,104.04%,122.73%,92.31%,85%,0%,NaN%,,,,,,,,,,,,,,,,,,,
Akeal Hosein,16,1,0,10.0,16.0,160.0,30%,20%,5.0,75%,120%,160%,16.0,160%,30%,20%,5.0,75%,120%,160%,0.0,NaN%,NaN%,NaN%,,NaN%,NaN%,NaN%,16.0,160%,0.0,NaN%,160%,NaN%,NaN%,NaN%,NaN%,,,,,,,,,,,,,,,,,,,
Praveen Dubey,16,1,1,20.0,16.0,80.0,50%,10%,10.0,44.44%,120%,70%,9.0,112.5%,25%,12.5%,8.0,71.43%,NaN%,NaN%,7.0,58.33%,66.67%,8.33%,12.0,27.27%,120%,70%,0.0,NaN%,16.0,80%,70%,90%,NaN%,NaN%,NaN%,,,,,,,,,,,,,,,,,,,
Shreyas Gopal,16,3,1,4.0,16.0,133.33,58.33%,25%,4.0,22.22%,160%,133.33%,16.0,160%,50%,30%,3.33,28.57%,160%,160%,0.0,0%,100%,0%,inf,0%,NaN%,0%,7.0,140%,9.0,128.57%,133.33%,NaN%,NaN%,NaN%,NaN%,,,,,,,,,,,,,,,,,,,
Sarfaraz Khan,144,11,9,12.09,16.0,108.27,39.85%,12.03%,8.31,63.25%,82.98%,104.88%,22.0,102.33%,44.19%,11.63%,8.6,57.89%,85.19%,89.36%,11.2,119.15%,31.91%,12.77%,7.83,73.17%,80%,125.71%,29.5,125.53%,5.2,66.67%,104.88%,131.03%,77.78%,150%,NaN%,,,,,,,,,,,,,,,,,,,
Tom Kohler-Cadmore,48,3,3,18.0,16.0,88.89,61.11%,14.81%,6.75,30.43%,73.33%,96.67%,23.5,92.16%,60.78%,15.69%,6.38,30.23%,76.92%,100%,1.0,33.33%,66.67%,0%,inf,33.33%,50%,50%,18.0,78.26%,15.0,96.77%,96.67%,85.71%,33.33%,NaN%,NaN%,,,,,,,,,,,,,,,,,,,
Priyam Garg,140,9,9,14.44,15.56,107.69,36.92%,9.23%,10.83,69.49%,78.05%,97.4%,8.71,96.83%,46.03%,7.94%,12.6,63.79%,74.07%,93.48%,39.5,117.91%,28.36%,10.45%,9.57,75%,85.71%,103.23%,16.5,100%,13.67,132.26%,97.4%,128.57%,117.65%,0%,NaN%,,,,,,,,,,,,,,,,,,,
Moises Henriques,31,4,2,8.0,15.5,96.88,37.5%,3.12%,32.0,80.65%,68.75%,104%,15.0,125%,33.33%,8.33%,12.0,81.82%,75%,125%,8.0,80%,40%,0%,inf,80%,62.5%,84.62%,8.0,80%,15.0,125%,104%,71.43%,NaN%,NaN%,NaN%,,,,,,,,,,,,,,,,,,,
Anmolpreet Singh,139,9,9,12.78,15.44,120.87,46.09%,19.13%,5.23,48.39%,92.31%,120.63%,19.8,125.32%,49.37%,21.52%,4.65,40.32%,94.12%,126.42%,10.0,111.11%,38.89%,13.89%,7.2,64.52%,80%,90%,20.0,119.4%,11.8,122.92%,120.63%,132.35%,100%,NaN%,NaN%,,,,,,,,,,,,,,,,,,,
Chris Woakes,15,1,0,11.0,15.0,136.36,18.18%,18.18%,5.5,77.78%,120%,140%,13.0,185.71%,0%,28.57%,3.5,100%,400%,200%,2.0,50%,50%,0%,inf,50%,50%,50%,15.0,136.36%,0.0,NaN%,140%,100%,NaN%,NaN%,NaN%,,,,,,,,,,,,,,,,,,,
Varun Chakravarthy,15,7,0,4.43,15.0,48.39,70.97%,6.45%,15.5,24.14%,31.58%,28%,14.0,63.64%,63.64%,9.09%,11.0,30%,45.45%,37.5%,1.0,11.11%,88.89%,0%,inf,11.11%,12.5%,11.11%,11.0,50%,4.0,44.44%,28%,133.33%,NaN%,NaN%,NaN%,,,,,,,,,,,,,,,,,,,
Yuzvendra Chahal,15,3,1,11.67,15.0,42.86,62.86%,0%,inf,42.86%,33.33%,29.17%,15.0,50%,56.67%,0%,inf,50%,50%,36.84%,0.0,0%,100%,0%,inf,0%,0%,0%,2.0,33.33%,13.0,44.83%,29.17%,70%,100%,NaN%,NaN%,,,,,,,,,,,,,,,,,,,
Shardul Thakur,259,26,18,6.92,14.39,143.89,33.89%,18.89%,5.29,67.81%,123.71%,132.64%,13.36,158.47%,30.51%,22.88%,4.37,69.23%,136.51%,150.52%,18.0,116.13%,40.32%,11.29%,8.86,65.45%,100%,95.74%,18.12,170.59%,11.4,120%,132.64%,188.89%,188.89%,NaN%,NaN%,41.0,49.0,26.0,82.0,89.0,92.0,59.0,81.0,12.0,87.0,31.0,105.0,40.0,13.0,18.0,2.0,15.0,49.0,30.0
Dushmantha Chameera,43,7,3,4.0,14.33,153.57,42.86%,21.43%,4.67,59.09%,138.1%,153.57%,19.0,180.95%,33.33%,23.81%,4.2,75%,147.06%,180.95%,5.0,71.43%,71.43%,14.29%,7.0,16.67%,100%,71.43%,18.0,150%,12.5,156.25%,153.57%,NaN%,NaN%,NaN%,NaN%,,,,,,,,,,,,,,,,,,,
Suyash Prabhudessai,126,10,9,10.6,14.0,118.87,46.23%,14.15%,7.07,63.74%,108.51%,122.78%,19.0,123.91%,45.65%,15.22%,6.57,64.1%,118.18%,134.21%,11.5,115%,46.67%,13.33%,7.5,63.46%,100%,112.2%,7.4,86.05%,22.25,141.27%,122.78%,107.41%,NaN%,NaN%,NaN%,,,,,,,,,,,,,,,,,,,
Bhuvneshwar Kumar,123,23,9,5.74,13.67,93.18,42.42%,9.85%,10.15,59.66%,87.8%,91.15%,13.14,95.83%,38.54%,9.38%,10.67,64.37%,93.55%,93.98%,15.5,86.11%,52.78%,11.11%,9.0,46.88%,70%,83.33%,11.5,85.19%,14.29,95.24%,91.15%,92.31%,133.33%,NaN%,NaN%,,,,,,,,,,,,,,,,,,,
Kagiso Rabada,81,15,6,4.33,13.5,124.62,44.62%,16.92%,5.91,53.7%,104.88%,122.81%,15.4,145.28%,39.62%,20.75%,4.82,59.52%,125%,146.67%,4.0,33.33%,66.67%,0%,inf,33.33%,33.33%,33.33%,25.0,119.05%,7.75,134.78%,122.81%,137.5%,NaN%,NaN%,NaN%,,,,,,,,,,,,,,,,,,,
Chris Morris,67,7,5,7.0,13.4,136.73,36.73%,14.29%,7.0,69.05%,78.57%,110%,22.0,150%,31.82%,15.91%,6.29,75.68%,91.3%,122.86%,0.5,20%,80%,0%,inf,20%,20%,20%,9.67,126.09%,19.0,146.15%,110%,255.56%,NaN%,NaN%,NaN%,,,,,,,,,,,,,,,,,,,
Arjun Tendulkar,13,1,1,9.0,13.0,144.44,22.22%,11.11%,9.0,87.5%,100%,144.44%,13.0,144.44%,22.22%,11.11%,9.0,87.5%,100%,144.44%,0.0,NaN%,NaN%,NaN%,,NaN%,NaN%,NaN%,0.0,NaN%,13.0,144.44%,144.44%,NaN%,NaN%,NaN%,NaN%,,,,,,,,,,,,,,,,,,,
Dasun Shanaka,26,3,2,8.67,13.0,100.0,46.15%,11.54%,8.67,52.17%,84.62%,95%,9.0,90%,40%,10%,10.0,55.56%,87.5%,90%,17.0,106.25%,50%,12.5%,8.0,50%,80%,100%,9.0,128.57%,8.5,89.47%,95%,116.67%,NaN%,NaN%,NaN%,,,,,,,,,,,,,,,,,,,
R Sai Kishore,13,1,1,6.0,13.0,216.67,50%,33.33%,3.0,25%,260%,216.67%,13.0,216.67%,50%,33.33%,3.0,25%,260%,216.67%,0.0,NaN%,NaN%,NaN%,,NaN%,NaN%,NaN%,0.0,NaN%,13.0,216.67%,216.67%,NaN%,NaN%,NaN%,NaN%,,,,,,,,,,,,,,,,,,,
Washington Sundar,192,17,15,10.59,12.8,106.67,38.89%,11.11%,9.0,66.25%,101.3%,106.15%,14.64,124.81%,36.43%,15.5%,6.45,68.81%,108.93%,117.17%,7.75,60.78%,45.1%,0%,inf,60.78%,80.95%,70.97%,10.86,88.37%,14.5,123.4%,106.15%,116.67%,62.5%,NaN%,NaN%,,,,,,,,,,,,106.0,,,,,,,
Aman Hakim Khan,115,10,9,10.5,12.78,109.52,48.57%,13.33%,7.5,51.65%,85%,101.59%,19.25,142.59%,37.04%,18.52%,5.4,65.91%,96.3%,108.11%,7.6,74.51%,60.78%,7.84%,12.75,38.3%,61.54%,92.31%,17.0,119.3%,9.4,97.92%,101.59%,88.89%,50%,270%,75%,,,,,,,,,,,,,,,,,,,
Sameer Rizvi,51,5,4,8.6,12.75,118.6,44.19%,13.95%,7.17,62.16%,123.81%,123.33%,8.33,113.64%,45.45%,18.18%,5.5,50%,63.64%,106.67%,26.0,123.81%,42.86%,9.52%,10.5,73.68%,190%,140%,12.0,105.88%,15.0,166.67%,123.33%,90%,166.67%,NaN%,NaN%,,,,,,,,,,,,,,,,,,,
Mohammed Siraj,63,11,5,6.27,12.6,91.3,60.87%,13.04%,7.67,35%,73.68%,77.05%,9.8,81.67%,60%,11.67%,8.57,35.85%,48.28%,63.46%,14.0,155.56%,66.67%,22.22%,4.5,28.57%,155.56%,155.56%,3.67,68.75%,26.0,98.11%,77.05%,200%,NaN%,NaN%,NaN%,,,,,,,,,,,,,,,,,,,
Mohsin Khan,25,5,2,4.8,12.5,104.17,50%,12.5%,8.0,52.38%,105.26%,104.17%,17.0,94.44%,50%,11.11%,9.0,56.25%,92.31%,94.44%,8.0,133.33%,50%,16.67%,6.0,40%,133.33%,133.33%,15.0,214.29%,5.0,58.82%,104.17%,NaN%,NaN%,NaN%,NaN%,,,,,,,,,,,,,,,,,,,
Sanvir Singh,25,5,2,4.2,12.5,119.05,38.1%,14.29%,7.0,61.11%,127.78%,119.05%,22.0,137.5%,37.5%,18.75%,5.33,61.54%,153.85%,137.5%,3.0,60%,40%,0%,inf,60%,60%,60%,12.0,109.09%,13.0,130%,119.05%,NaN%,NaN%,NaN%,NaN%,,,,,,,,,,,,,,,,,,,
Vishnu Vinod,37,3,3,10.33,12.33,119.35,35.48%,12.9%,7.75,62.96%,71.43%,104.76%,9.67,126.09%,34.78%,13.04%,7.67,65%,80%,117.65%,8.0,100%,37.5%,12.5%,8.0,57.14%,50%,50%,30.0,150%,3.5,63.64%,104.76%,150%,NaN%,NaN%,NaN%,,,,,,,,,,,,,,,,,,,
Umesh Yadav,86,14,7,5.21,12.29,117.81,45.21%,13.7%,7.3,57.14%,108.89%,121.54%,15.6,125.81%,43.55%,14.52%,6.89,60.38%,120.59%,131.48%,4.0,72.73%,54.55%,9.09%,11.0,40%,72.73%,72.73%,14.0,133.33%,11.6,111.54%,121.54%,87.5%,NaN%,NaN%,NaN%,,,,,,,,,,,,,,,,,,,
Krishnappa Gowtham,61,8,5,4.75,12.2,160.53,31.58%,18.42%,5.43,74.19%,195.83%,173.53%,9.5,158.33%,33.33%,16.67%,6.0,80%,200%,168.18%,23.0,164.29%,28.57%,21.43%,4.67,63.64%,185.71%,183.33%,9.5,190%,14.0,150%,173.53%,50%,NaN%,NaN%,NaN%,,,,,,,,,,,,,,,,,,,
Eoin Morgan,133,15,11,9.4,12.09,94.33,48.94%,9.93%,10.07,51.18%,67.8%,80.22%,9.57,81.71%,57.32%,9.76%,10.25,41.89%,64.29%,76.92%,16.5,111.86%,37.29%,10.17%,9.83,64.15%,76.47%,88.46%,6.25,75.76%,15.43,100%,80.22%,138.46%,57.14%,160%,NaN%,,,,,,,,,,,,,,,,,,,
Alzarri Joseph,12,4,1,4.75,12.0,63.16,52.63%,5.26%,19.0,44.44%,66.67%,70.59%,11.0,61.11%,55.56%,5.56%,18.0,41.18%,63.64%,68.75%,1.0,100%,0%,0%,inf,100%,100%,100%,5.0,83.33%,7.0,53.85%,70.59%,0%,NaN%,NaN%,NaN%,,,,,,,,,,,,,,,,,,,
Mustafizur Rahman,12,5,0,4.0,12.0,60.0,65%,5%,20.0,31.58%,27.78%,60%,11.0,68.75%,62.5%,6.25%,16.0,33.33%,28.57%,68.75%,1.0,25%,75%,0%,inf,25%,25%,25%,9.0,112.5%,3.0,25%,60%,NaN%,NaN%,NaN%,NaN%,,,,,,,,,,,,,,,,,,,
Manan Vohra,71,6,6,10.33,11.83,114.52,54.84%,17.74%,5.64,37.25%,86.67%,114.04%,12.4,112.73%,56.36%,18.18%,5.5,35.56%,86.21%,109.8%,9.0,128.57%,42.86%,14.29%,7.0,50%,100%,150%,8.5,85%,13.5,128.57%,114.04%,120%,NaN%,NaN%,NaN%,,,,,,,,,,,,,,,,,,,
Jason Holder,155,18,14,7.06,11.07,122.05,44.09%,13.39%,7.47,55.45%,95.52%,119.8%,12.6,136.96%,42.39%,16.3%,6.13,57.14%,115.91%,139.39%,7.25,82.86%,48.57%,5.71%,17.5,51.52%,56.52%,82.86%,9.5,120.63%,13.17,123.44%,119.8%,135.29%,122.22%,NaN%,NaN%,,,,,,,,,,,,,,,,,,,
Adil Rashid,22,2,2,8.0,11.0,137.5,43.75%,18.75%,5.33,61.54%,137.5%,153.85%,7.0,140%,20%,20%,5.0,75%,50%,140%,7.5,136.36%,54.55%,18.18%,5.5,55.56%,166.67%,162.5%,4.0,133.33%,18.0,138.46%,153.85%,66.67%,NaN%,NaN%,NaN%,,,,,,,,,,,,,,,,,,,
Dwaine Pretorius,44,5,4,5.6,11.0,157.14,35.71%,21.43%,4.67,63.64%,118.75%,158.33%,12.0,150%,33.33%,20.83%,4.8,63.16%,91.67%,150%,8.0,200%,50%,25%,4.0,66.67%,200%,200%,0.0,0%,14.67,162.96%,158.33%,150%,NaN%,NaN%,NaN%,,,,,,,,,,,,,,,,,,,
Rassie van der Dussen,22,3,2,8.0,11.0,91.67,45.83%,8.33%,12.0,63.64%,107.14%,91.67%,21.0,105%,40%,10%,10.0,72.22%,140%,105%,1.0,25%,75%,0%,inf,25%,25%,25%,16.0,114.29%,6.0,60%,91.67%,NaN%,NaN%,NaN%,NaN%,,,,,,,,,,,,,,,,,,,
Mark Wood,11,2,1,2.5,11.0,220.0,40%,40%,2.5,33.33%,220%,220%,11.0,220%,40%,40%,2.5,33.33%,220%,220%,0.0,NaN%,NaN%,NaN%,,NaN%,NaN%,NaN%,0.0,NaN%,11.0,220%,220%,NaN%,NaN%,NaN%,NaN%,,,,,,,,,,,,,,,,,,,
Anrich Nortje,42,10,4,4.3,10.5,97.67,46.51%,13.95%,7.17,48.65%,83.87%,92.31%,10.0,114.29%,40%,17.14%,5.83,55.17%,100%,109.68%,2.0,25%,75%,0%,inf,25%,28.57%,25%,14.0,107.69%,9.33,93.33%,92.31%,150%,NaN%,NaN%,NaN%,,,,,,,,,,,,,,,,,,,
Ashton Turner,21,2,2,9.0,10.5,116.67,38.89%,11.11%,9.0,56.25%,70%,116.67%,5.0,50%,50%,0%,inf,50%,66.67%,50%,16.0,200%,25%,25%,4.0,66.67%,75%,200%,0.0,NaN%,10.5,116.67%,116.67%,NaN%,NaN%,NaN%,NaN%,,,,,,,,,,,,,,,,,,,
Azmatullah Omarzai,42,4,4,8.25,10.5,127.27,30.3%,12.12%,8.25,75.86%,111.76%,131.25%,4.0,109.09%,27.27%,9.09%,11.0,80%,100%,120%,30.0,136.36%,31.82%,13.64%,7.33,73.68%,112.5%,136.36%,17.0,154.55%,8.33,113.64%,131.25%,0%,NaN%,NaN%,NaN%,,,,,,,,,,,,,,,,,,,
James Neesham,31,4,3,7.25,10.33,106.9,31.03%,10.34%,9.67,73.08%,83.33%,95.45%,4.5,100%,22.22%,0%,inf,100%,50%,100%,22.0,110%,35%,15%,6.67,58.82%,90%,93.75%,14.0,107.69%,8.5,106.25%,95.45%,142.86%,NaN%,NaN%,NaN%,,,,,,,,,,,,,,,,,,,
Joe Root,10,1,1,15.0,10.0,66.67,53.33%,6.67%,15.0,42.86%,100%,70%,9.0,64.29%,57.14%,7.14%,14.0,38.46%,100%,70%,1.0,100%,0%,0%,inf,100%,NaN%,NaN%,0.0,NaN%,10.0,66.67%,70%,60%,NaN%,NaN%,NaN%,,,,,,,,,,,,,,,,,,,
Mukesh Kumar,10,5,1,3.6,10.0,55.56,44.44%,0%,inf,55.56%,57.14%,55.56%,10.0,55.56%,44.44%,0%,inf,55.56%,57.14%,55.56%,0.0,NaN%,NaN%,NaN%,,NaN%,NaN%,NaN%,0.0,NaN%,10.0,55.56%,55.56%,NaN%,NaN%,NaN%,NaN%,,,,,,,,,,,,,,,,,,,
Sandeep Sharma,10,4,0,3.25,10.0,76.92,46.15%,7.69%,13.0,50%,75%,76.92%,10.0,83.33%,41.67%,8.33%,12.0,54.55%,81.82%,83.33%,0.0,0%,100%,0%,inf,0%,0%,0%,2.0,33.33%,8.0,114.29%,76.92%,NaN%,NaN%,NaN%,NaN%,,,,,,,,,,,,,,,,,,,
Mohammad Nabi,69,8,7,6.38,9.86,135.29,37.25%,17.65%,5.67,59.52%,116.13%,132.56%,9.0,132.35%,44.12%,20.59%,4.86,48.15%,84.21%,120%,12.0,141.18%,23.53%,11.76%,8.5,80%,166.67%,161.54%,8.0,120%,11.25,145.16%,132.56%,150%,NaN%,NaN%,NaN%,,,,,,,,,,,,,,,,,,,
Chris Jordan,49,6,5,6.83,9.8,119.51,41.46%,9.76%,10.25,72.97%,76.92%,78.79%,9.0,150%,41.67%,16.67%,6.0,70%,76.92%,81.25%,13.0,76.47%,41.18%,0%,inf,76.47%,76.92%,76.47%,14.0,135.48%,3.5,70%,78.79%,287.5%,NaN%,NaN%,NaN%,,,,,,,,,,,,,,,,,,,
Akash Deep,19,3,2,4.0,9.5,158.33,33.33%,25%,4.0,55.56%,200%,158.33%,2.0,100%,0%,0%,inf,100%,100%,100%,8.5,170%,40%,30%,3.33,42.86%,228.57%,170%,2.0,100%,8.5,170%,158.33%,NaN%,NaN%,NaN%,NaN%,,,,,,,,,,,,,,,,,,,
Marco Jansen,66,12,7,5.5,9.43,100.0,43.94%,10.61%,9.43,57.63%,100%,105.77%,6.43,93.75%,45.83%,10.42%,9.6,53.49%,110%,97.22%,21.0,116.67%,38.89%,11.11%,9.0,68.75%,70%,125%,14.0,100%,6.0,100%,105.77%,91.67%,0%,NaN%,NaN%,,,,,,,,,,,,,,,,,,,
Shakib Al Hasan,47,6,5,8.0,9.4,97.92,31.25%,8.33%,12.0,65.91%,95.65%,87.88%,12.0,100%,25%,8.33%,12.0,72.73%,111.11%,107.69%,7.67,95.83%,37.5%,8.33%,12.0,59.09%,85.71%,75%,3.0,60%,11.0,102.33%,87.88%,140%,80%,NaN%,NaN%,,,,,,,,,,,,,,,,,,,
Jasprit Bumrah,28,15,3,2.47,9.33,75.68,51.35%,8.11%,12.33,47.06%,68.75%,75.68%,13.0,92.86%,42.86%,10.71%,9.33,56%,83.33%,92.86%,2.0,22.22%,77.78%,0%,inf,22.22%,25%,22.22%,20.0,105.26%,4.0,44.44%,75.68%,NaN%,NaN%,NaN%,NaN%,,,,,,,,,,,,,,,,,,,
Harshal Patel,121,20,13,5.5,9.31,110.0,51.82%,15.45%,6.47,44.09%,102.74%,98.06%,8.4,118.31%,45.07%,16.9%,5.92,50.85%,95.35%,100%,12.33,94.87%,64.1%,12.82%,7.8,32.35%,113.33%,94.87%,5.83,92.11%,12.29,119.44%,98.06%,285.71%,NaN%,NaN%,NaN%,,,,,,,,,,,,,,,,,,,
Glenn Phillips,65,8,7,6.88,9.29,118.18,58.18%,16.36%,6.11,36.96%,123.53%,126%,10.8,120%,60%,17.78%,5.62,32.43%,131.03%,130%,5.5,110%,50%,10%,10.0,55.56%,80%,110%,2.5,45.45%,18.33,166.67%,126%,40%,NaN%,NaN%,NaN%,,,,,,,,,,,,,,,,,,,
Luke Wood,9,1,0,3.0,9.0,300.0,0%,33.33%,3.0,150%,300%,300%,9.0,300%,0%,33.33%,3.0,150%,300%,300%,0.0,NaN%,NaN%,NaN%,,NaN%,NaN%,NaN%,0.0,NaN%,9.0,300%,300%,NaN%,NaN%,NaN%,NaN%,,,,,,,,,,,,,,,,,,,
Sumit Kumar,18,3,2,8.0,9.0,75.0,70.83%,12.5%,8.0,19.05%,60%,75%,2.0,28.57%,71.43%,0%,inf,28.57%,33.33%,28.57%,16.0,94.12%,70.59%,17.65%,5.67,14.29%,66.67%,94.12%,2.0,22.22%,16.0,106.67%,75%,NaN%,NaN%,NaN%,NaN%,,,,,,,,,,,,,,,,,,,
Anukul Roy,26,6,3,4.0,8.67,108.33,41.67%,12.5%,8.0,66.67%,114.29%,108.33%,11.0,115.79%,42.11%,15.79%,6.33,62.5%,125%,115.79%,4.0,80%,40%,0%,inf,80%,80%,80%,22.0,129.41%,2.0,57.14%,108.33%,NaN%,NaN%,NaN%,NaN%,,,,,,,,,,,,,,,,,,,
Tim Seifert,26,3,3,7.67,8.67,113.04,52.17%,17.39%,5.75,52.63%,100%,121.05%,13.0,130%,45%,20%,5.0,62.5%,100%,121.05%,0.0,0%,100%,0%,inf,0%,NaN%,NaN%,2.0,50%,12.0,126.32%,121.05%,75%,NaN%,NaN%,NaN%,,,,,,,,,,,,,,,,,,,
Rahul Chahar,112,16,13,6.69,8.62,104.67,55.14%,14.95%,6.69,41.76%,79.31%,90.8%,9.55,115.38%,51.65%,16.48%,6.07,46.05%,87.76%,98.63%,3.5,43.75%,75%,6.25%,16.0,20%,33.33%,50%,7.75,101.64%,10.0,108.7%,90.8%,193.75%,50%,NaN%,NaN%,,,,,,,,,,,,,,,,,,,
Karn Sharma,34,5,4,4.0,8.5,170.0,40%,25%,4.0,53.33%,155.56%,170%,11.33,188.89%,33.33%,27.78%,3.6,61.54%,175%,188.89%,0.0,0%,100%,0%,inf,0%,0%,0%,6.5,130%,10.5,210%,170%,NaN%,NaN%,NaN%,NaN%,,,,,,,,,,,,,,,,,,,
Adam Milne,16,3,2,5.67,8.0,94.12,41.18%,5.88%,17.0,62.5%,57.14%,66.67%,7.5,93.75%,43.75%,6.25%,16.0,60%,50%,63.64%,1.0,100%,0%,0%,inf,100%,100%,100%,1.0,100%,7.5,93.75%,66.67%,160%,NaN%,NaN%,NaN%,,,,,,,,,,,,,,,,,,,
Jagadeesha Suchith,16,3,2,4.67,8.0,114.29,64.29%,21.43%,4.67,18.18%,145.45%,114.29%,14.0,140%,70%,30%,3.33,0%,175%,140%,2.0,50%,50%,0%,inf,50%,66.67%,50%,0.0,0%,16.0,123.08%,114.29%,NaN%,NaN%,NaN%,NaN%,,,,,,,,,,,,,,,,,,,
Karun Nair,16,2,2,9.0,8.0,88.89,27.78%,5.56%,18.0,70.59%,80%,73.33%,10.0,111.11%,22.22%,11.11%,9.0,75%,80%,71.43%,6.0,66.67%,33.33%,0%,inf,66.67%,80%,75%,8.0,88.89%,0.0,NaN%,73.33%,166.67%,NaN%,NaN%,NaN%,,,,,,,,,,,,,,,,,,,
Lockie Ferguson,24,4,3,4.0,8.0,150.0,31.25%,18.75%,5.33,76.92%,100%,153.33%,8.0,150%,31.25%,18.75%,5.33,76.92%,100%,153.33%,0.0,NaN%,NaN%,NaN%,,NaN%,NaN%,NaN%,2.5,125%,19.0,158.33%,153.33%,100%,NaN%,NaN%,NaN%,,,,,,,,,,,,,,,,,,,
Obed McCoy,8,1,0,5.0,8.0,160.0,40%,20%,5.0,50%,160%,160%,1.0,33.33%,66.67%,0%,inf,33.33%,33.33%,33.33%,7.0,350%,0%,50%,2.0,100%,350%,350%,8.0,160%,0.0,NaN%,160%,NaN%,NaN%,NaN%,NaN%,,,,,,,,,,,,,,,,,,,
Wanindu Hasaranga,72,14,9,5.29,8.0,97.3,45.95%,10.81%,9.25,57.58%,95.56%,96.77%,9.2,88.46%,51.92%,11.54%,8.67,47.83%,72.41%,85%,6.5,118.18%,31.82%,9.09%,11.0,80%,137.5%,118.18%,8.75,77.78%,7.4,127.59%,96.77%,100%,NaN%,NaN%,NaN%,,,,,,,,,,,,,,,,,,,
Siddarth Kaul,8,2,0,4.0,8.0,100.0,37.5%,12.5%,8.0,57.14%,100%,100%,8.0,100%,37.5%,12.5%,8.0,57.14%,100%,100%,0.0,NaN%,NaN%,NaN%,,NaN%,NaN%,NaN%,7.0,140%,1.0,33.33%,100%,NaN%,NaN%,NaN%,NaN%,,,,,,,,,,,,,,,,,,,
Mitchell Santner,38,9,5,5.33,7.6,79.17,50%,8.33%,12.0,50%,67.86%,80.95%,12.0,83.72%,48.84%,9.3%,10.75,51.28%,73.08%,84.21%,1.0,40%,60%,0%,inf,40%,0%,50%,15.0,83.33%,5.75,76.67%,80.95%,66.67%,NaN%,NaN%,NaN%,,,,,,,,,,,,,,,,,,,
Virat Singh,15,2,2,13.0,7.5,57.69,53.85%,3.85%,26.0,44%,70%,70%,8.0,72.73%,54.55%,9.09%,11.0,40%,100%,87.5%,7.0,46.67%,53.33%,0%,inf,46.67%,40%,58.33%,0.0,NaN%,7.5,57.69%,70%,16.67%,NaN%,NaN%,NaN%,,,,,,,,,,,,,,,,,,,
Arshdeep Singh,29,10,4,3.8,7.25,76.32,65.79%,10.53%,9.5,38.24%,92.31%,77.42%,7.25,85.29%,61.76%,11.76%,8.5,43.33%,100%,88.89%,0.0,0%,100%,0%,inf,0%,0%,0%,7.0,77.78%,8.0,72.73%,77.42%,71.43%,NaN%,NaN%,NaN%,,,,,,,,,,,,,,,,,,,
Baba Indrajith,21,3,3,10.0,7.0,70.0,56.67%,6.67%,15.0,46.43%,66.67%,62.5%,9.0,69.23%,61.54%,7.69%,13.0,41.67%,64.29%,60%,3.0,75%,25%,0%,inf,75%,100%,75%,6.0,75%,7.5,68.18%,62.5%,100%,NaN%,NaN%,NaN%,,,,,,,,,,,,,,,,,,,
Fabian Allen,14,3,2,6.33,7.0,73.68,47.37%,5.26%,19.0,55.56%,72.73%,77.78%,3.0,50%,58.33%,0%,inf,50%,28.57%,54.55%,8.0,114.29%,28.57%,14.29%,7.0,66.67%,150%,114.29%,6.0,54.55%,8.0,100%,77.78%,0%,NaN%,NaN%,NaN%,,,,,,,,,,,,,,,,,,,
Maheesh Theekshana,7,2,1,3.5,7.0,100.0,71.43%,14.29%,7.0,16.67%,100%,100%,7.0,116.67%,66.67%,16.67%,6.0,20%,116.67%,116.67%,0.0,0%,100%,0%,inf,0%,0%,0%,0.0,0%,7.0,175%,100%,NaN%,NaN%,NaN%,NaN%,,,,,,,,,,,,,,,,,,,
Rasikh Salam,35,5,5,7.2,7.0,97.22,50%,13.89%,7.2,48.39%,95.65%,100%,6.0,120%,48%,20%,5.0,50%,141.67%,126.09%,5.0,45.45%,54.55%,0%,inf,45.45%,45.45%,45.45%,8.5,130.77%,6.0,78.26%,100%,50%,NaN%,NaN%,NaN%,,,,,,,,,,,,,,,,,,,
Sean Abbott,7,1,1,5.0,7.0,140.0,60%,20%,5.0,25%,140%,140%,7.0,140%,60%,20%,5.0,25%,140%,140%,0.0,NaN%,NaN%,NaN%,,NaN%,NaN%,NaN%,0.0,NaN%,7.0,140%,140%,NaN%,NaN%,NaN%,NaN%,,,,,,,,,,,,,,,,,,,
Sachin Baby,7,1,1,17.0,7.0,41.18,58.82%,0%,inf,41.18%,0%,40%,4.0,40%,60%,0%,inf,40%,0%,40%,3.0,42.86%,57.14%,0%,inf,42.86%,NaN%,NaN%,7.0,41.18%,0.0,NaN%,40%,42.86%,NaN%,NaN%,NaN%,,,,,,,,,,,,,,,,,,,
Shivam Mavi,28,5,4,5.4,7.0,103.7,55.56%,14.81%,6.75,34.78%,111.76%,112.5%,13.5,122.73%,50%,18.18%,5.5,38.89%,150%,136.84%,0.5,20%,80%,0%,inf,20%,20%,20%,5.0,71.43%,7.67,115%,112.5%,33.33%,NaN%,NaN%,NaN%,,,,,,,,,,,,,,,,,,,
Simarjeet Singh,7,3,1,2.67,7.0,87.5,37.5%,0%,inf,87.5%,87.5%,87.5%,5.0,100%,20%,0%,inf,100%,100%,100%,2.0,66.67%,66.67%,0%,inf,66.67%,66.67%,66.67%,5.0,83.33%,2.0,100%,87.5%,NaN%,NaN%,NaN%,NaN%,,,,,,,,,,,,,,,,,,,
Vijayakanth Viyaskanth,7,1,0,5.0,7.0,140.0,0%,0%,inf,140%,140%,140%,5.0,166.67%,0%,0%,inf,166.67%,166.67%,166.67%,2.0,100%,0%,0%,inf,100%,100%,100%,7.0,140%,0.0,NaN%,140%,NaN%,NaN%,NaN%,NaN%,,,,,,,,,,,,,,,,,,,
Vijaykumar Vyshak,14,4,2,3.25,7.0,107.69,38.46%,7.69%,13.0,66.67%,111.11%,107.69%,6.0,109.09%,45.45%,9.09%,11.0,60%,114.29%,109.09%,2.0,100%,0%,0%,inf,100%,100%,100%,0.0,0%,14.0,127.27%,107.69%,NaN%,NaN%,NaN%,NaN%,,,,,,,,,,,,,,,,,,,
Murugan Ashwin,27,6,4,6.33,6.75,71.05,57.89%,7.89%,12.67,37.14%,100%,73.53%,5.5,81.48%,59.26%,11.11%,9.0,33.33%,121.43%,86.96%,5.0,45.45%,54.55%,0%,inf,45.45%,57.14%,45.45%,7.5,62.5%,6.0,85.71%,73.53%,50%,NaN%,NaN%,NaN%,,,,,,,,,,,,,,,,,,,
Mandeep Singh,47,7,7,7.57,6.71,88.68,56.6%,13.21%,7.57,36.96%,37.04%,90.48%,9.0,94.74%,57.89%,15.79%,6.33,31.25%,35%,93.1%,3.67,73.33%,53.33%,6.67%,15.0,50%,42.86%,84.62%,6.75,87.1%,6.67,90.91%,90.48%,81.82%,NaN%,NaN%,NaN%,,,,,,,,,,,,,,,,,,,
Darshan Nalkande,12,2,2,6.0,6.0,100.0,41.67%,8.33%,12.0,54.55%,50%,109.09%,0.0,0%,100%,0%,inf,0%,0%,0%,12.0,109.09%,36.36%,9.09%,11.0,60%,60%,120%,0.0,NaN%,6.0,100%,109.09%,0%,NaN%,NaN%,NaN%,,,,,,,,,,,,,,,,,,,
Jason Behrendorff,6,2,0,4.5,6.0,66.67,33.33%,0%,inf,66.67%,66.67%,66.67%,6.0,66.67%,33.33%,0%,inf,66.67%,66.67%,66.67%,0.0,NaN%,NaN%,NaN%,,NaN%,NaN%,NaN%,0.0,NaN%,6.0,66.67%,66.67%,NaN%,NaN%,NaN%,NaN%,,,,,,,,,,,,,,,,,,,
Prasidh Krishna,6,3,1,4.33,6.0,46.15,53.85%,0%,inf,46.15%,45.45%,46.15%,5.0,45.45%,54.55%,0%,inf,45.45%,44.44%,45.45%,1.0,50%,50%,0%,inf,50%,50%,50%,2.0,40%,4.0,50%,46.15%,NaN%,NaN%,NaN%,NaN%,,,,,,,,,,,,,,,,,,,
Mohammed Shami,18,5,3,4.8,6.0,75.0,50%,4.17%,24.0,60.87%,68.75%,77.27%,6.0,75%,50%,4.17%,24.0,60.87%,68.75%,77.27%,0.0,NaN%,NaN%,NaN%,,NaN%,NaN%,NaN%,6.5,72.22%,5.0,83.33%,77.27%,50%,NaN%,NaN%,NaN%,,,,,,,,,,,,,,,,,,,
Mukesh Choudhary,6,2,0,3.0,6.0,100.0,50%,16.67%,6.0,40%,100%,100%,4.0,100%,75%,25%,4.0,0%,100%,100%,2.0,100%,0%,0%,inf,100%,100%,100%,4.0,100%,2.0,100%,100%,NaN%,NaN%,NaN%,NaN%,,,,,,,,,,,,,,,,,,,
Spencer Johnson,6,3,0,2.33,6.0,85.71,57.14%,14.29%,7.0,33.33%,85.71%,85.71%,6.0,85.71%,57.14%,14.29%,7.0,33.33%,85.71%,85.71%,0.0,NaN%,NaN%,NaN%,,NaN%,NaN%,NaN%,1.0,100%,5.0,83.33%,85.71%,NaN%,NaN%,NaN%,NaN%,,,,,,,,,,,,,,,,,,,
Saurav Chauhan,18,3,3,5.0,6.0,120.0,40%,13.33%,7.5,61.54%,145.45%,120%,5.5,100%,36.36%,9.09%,11.0,70%,112.5%,100%,7.0,175%,50%,25%,4.0,33.33%,233.33%,175%,9.0,128.57%,0.0,0%,120%,NaN%,NaN%,NaN%,NaN%,,,,,,,,,,,,,,,,,,,
Sheldon Jackson,23,5,4,5.2,5.75,88.46,38.46%,3.85%,26.0,68%,68.42%,88.46%,6.33,105.56%,33.33%,5.56%,18.0,76.47%,81.82%,105.56%,4.0,50%,50%,0%,inf,50%,50%,50%,4.0,80%,11.0,100%,88.46%,NaN%,NaN%,NaN%,NaN%,,,,,,,,,,,,,,,,,,,
Piyush Chawla,40,11,7,3.55,5.71,102.56,46.15%,10.26%,9.75,57.14%,96.67%,105.41%,5.29,112.12%,45.45%,12.12%,8.25,58.62%,108.33%,116.13%,3.0,50%,50%,0%,inf,50%,50%,50%,5.5,64.71%,5.8,131.82%,105.41%,50%,NaN%,NaN%,NaN%,,,,,,,,,,,,,,,,,,,
Jhye Richardson,17,3,3,8.67,5.67,65.38,61.54%,7.69%,13.0,37.5%,33.33%,64.29%,4.0,72.73%,63.64%,9.09%,11.0,40%,25%,72.73%,9.0,60%,60%,6.67%,15.0,35.71%,100%,33.33%,7.5,62.5%,2.0,100%,64.29%,70%,50%,NaN%,NaN%,,,,,,,,,,,,,,,,,,,
Daniel Sams,44,12,8,3.5,5.5,104.76,47.62%,9.52%,10.5,57.89%,124.24%,107.32%,4.6,82.14%,57.14%,7.14%,14.0,42.31%,95.45%,85.19%,7.0,150%,28.57%,14.29%,7.0,91.67%,181.82%,150%,7.5,166.67%,4.83,87.88%,107.32%,0%,NaN%,NaN%,NaN%,,,,,,,,,,,,,,,,,,,
Raj Bawa,11,2,2,7.0,5.5,78.57,50%,7.14%,14.0,53.85%,16.67%,45.45%,2.0,50%,50%,0%,inf,50%,0%,50%,9.0,90%,50%,10%,10.0,55.56%,25%,42.86%,11.0,84.62%,0.0,0%,45.45%,200%,NaN%,NaN%,NaN%,,,,,,,,,,,,,,,,,,,
Yudhvir Singh,22,4,4,4.0,5.5,137.5,50%,18.75%,5.33,46.15%,175%,137.5%,5.0,166.67%,33.33%,22.22%,4.5,71.43%,200%,166.67%,7.0,100%,71.43%,14.29%,7.0,16.67%,140%,100%,0.5,50%,10.5,150%,137.5%,NaN%,NaN%,NaN%,NaN%,,,,,,,,,,,,,,,,,,,
Karan Sharma,16,3,3,8.33,5.33,64.0,48%,4%,25.0,50%,64.29%,63.16%,4.0,66.67%,58.33%,8.33%,12.0,36.36%,66.67%,66.67%,8.0,61.54%,38.46%,0%,inf,61.54%,50%,57.14%,6.0,57.14%,4.0,100%,63.16%,66.67%,NaN%,NaN%,NaN%,,,,,,,,,,,,,,,,,,,
Yash Dhull,16,3,3,7.67,5.33,69.57,43.48%,4.35%,23.0,54.55%,30.77%,66.67%,1.0,28.57%,71.43%,0%,inf,28.57%,28.57%,28.57%,14.0,87.5%,31.25%,6.25%,16.0,66.67%,33.33%,90.91%,2.0,50%,7.0,73.68%,66.67%,80%,NaN%,NaN%,NaN%,,,,,,,,,,,,,,,,,,,
,5,1,1,4.0,5.0,125.0,50%,25%,4.0,33.33%,125%,125%,5.0,125%,50%,25%,4.0,33.33%,125%,125%,0.0,NaN%,NaN%,NaN%,,NaN%,NaN%,NaN%,5.0,125%,0.0,NaN%,125%,NaN%,NaN%,NaN%,NaN%,,,,,,,,,,,,,,,,,,,
Ben Stokes,15,3,3,5.67,5.0,88.24,47.06%,11.76%,8.5,46.67%,76.92%,88.24%,4.0,72.73%,54.55%,9.09%,11.0,40%,37.5%,72.73%,7.0,116.67%,33.33%,16.67%,6.0,60%,140%,116.67%,7.5,107.14%,0.0,0%,88.24%,NaN%,NaN%,NaN%,NaN%,,,,,,,,,,,,,,,,,,,
Nathan Ellis,19,5,4,5.0,4.75,76.0,52%,4%,25.0,54.17%,50%,56.52%,9.0,90%,45%,5%,20.0,63.16%,61.54%,66.67%,0.5,20%,80%,0%,inf,20%,20%,20%,6.0,78.26%,1.0,50%,56.52%,300%,NaN%,NaN%,NaN%,,,,,,,,,,,,,,,,,,,
,9,2,2,4.0,4.5,112.5,62.5%,25%,4.0,16.67%,150%,112.5%,4.5,112.5%,62.5%,25%,4.0,16.67%,150%,112.5%,0.0,NaN%,NaN%,NaN%,,NaN%,NaN%,NaN%,0.0,NaN%,4.5,112.5%,112.5%,NaN%,NaN%,NaN%,NaN%,,,,,,,,,,,,,,,,,,,
Kumar Kartikeya,9,2,2,6.0,4.5,75.0,50%,8.33%,12.0,45.45%,90%,75%,4.5,75%,50%,8.33%,12.0,45.45%,90%,75%,0.0,NaN%,NaN%,NaN%,,NaN%,NaN%,NaN%,0.0,NaN%,4.5,75%,75%,NaN%,NaN%,NaN%,NaN%,,,,,,,,,,,,,,,,,,,
Mitchell Starc,9,5,2,2.2,4.5,81.82,45.45%,9.09%,11.0,50%,81.82%,81.82%,4.5,81.82%,45.45%,9.09%,11.0,50%,81.82%,81.82%,0.0,NaN%,NaN%,NaN%,,NaN%,NaN%,NaN%,4.5,81.82%,0.0,NaN%,81.82%,NaN%,NaN%,NaN%,NaN%,,,,,,,,,,,,,,,,,,,
Vaibhav Arora,9,7,2,2.29,4.5,56.25,50%,0%,inf,56.25%,60%,56.25%,4.0,53.33%,53.33%,0%,inf,53.33%,57.14%,53.33%,1.0,100%,0%,0%,inf,100%,100%,100%,4.0,53.33%,1.0,100%,56.25%,NaN%,NaN%,NaN%,NaN%,,,,,,,,,,,,,,,,,,,
Ravi Bishnoi,25,12,6,3.17,4.17,65.79,52.63%,2.63%,38.0,56.76%,65.62%,65.79%,4.2,67.74%,54.84%,3.23%,31.0,56.67%,67.86%,67.74%,4.0,57.14%,42.86%,0%,inf,57.14%,50%,57.14%,2.0,75%,6.33,63.33%,65.79%,NaN%,NaN%,NaN%,NaN%,,,,,,,,,,,,,,,,,,,
Abhijeet Tomar,4,1,1,8.0,4.0,50.0,87.5%,12.5%,8.0,0%,80%,50%,4.0,50%,87.5%,12.5%,8.0,0%,80%,50%,0.0,NaN%,NaN%,NaN%,,NaN%,NaN%,NaN%,0.0,NaN%,4.0,50%,50%,NaN%,NaN%,NaN%,NaN%,,,,,,,,,,,,,,,,,,,
Akash Madhwal,4,1,0,5.0,4.0,80.0,40%,0%,inf,80%,80%,80%,4.0,80%,40%,0%,inf,80%,80%,80%,0.0,NaN%,NaN%,NaN%,,NaN%,NaN%,NaN%,4.0,80%,0.0,NaN%,80%,NaN%,NaN%,NaN%,NaN%,,,,,,,,,,,,,,,,,,,
Chetan Sakariya,20,7,5,4.43,4.0,64.52,67.74%,9.68%,10.33,28.57%,62.5%,66.67%,3.8,79.17%,62.5%,12.5%,8.0,33.33%,82.35%,82.61%,1.0,14.29%,85.71%,0%,inf,14.29%,14.29%,14.29%,3.75,75%,5.0,45.45%,66.67%,0%,NaN%,NaN%,NaN%,,,,,,,,,,,,,,,,,,,
Donovan Ferreira,8,2,2,5.5,4.0,72.73,45.45%,0%,inf,72.73%,62.5%,72.73%,7.0,100%,28.57%,0%,inf,100%,100%,100%,1.0,25%,75%,0%,inf,25%,25%,25%,7.0,87.5%,1.0,33.33%,72.73%,NaN%,NaN%,NaN%,NaN%,,,,,,,,,,,,,,,,,,,
Harbhajan Singh,4,2,0,2.0,4.0,100.0,25%,0%,inf,100%,100%,100%,4.0,100%,25%,0%,inf,100%,100%,100%,0.0,NaN%,NaN%,NaN%,,NaN%,NaN%,NaN%,0.0,NaN%,4.0,100%,100%,NaN%,NaN%,NaN%,NaN%,,,,,,,,,,,,,,,,,,,
Jofra Archer,4,2,0,2.0,4.0,100.0,25%,0%,inf,100%,100%,100%,4.0,100%,25%,0%,inf,100%,100%,100%,0.0,NaN%,NaN%,NaN%,,NaN%,NaN%,NaN%,3.0,150%,1.0,50%,100%,NaN%,NaN%,NaN%,NaN%,,,,,,,,,,,,,,,,,,,
Liton Das,4,1,1,4.0,4.0,100.0,75%,25%,4.0,0%,100%,100%,4.0,100%,75%,25%,4.0,0%,100%,100%,0.0,NaN%,NaN%,NaN%,,NaN%,NaN%,NaN%,4.0,100%,0.0,NaN%,100%,NaN%,NaN%,NaN%,NaN%,,,,,,,,,,,,,,,,,,,
Dan Christian,14,7,4,3.43,3.5,58.33,54.17%,4.17%,24.0,43.48%,52.38%,58.33%,3.0,60%,55%,5%,20.0,42.11%,52.94%,60%,2.0,50%,50%,0%,inf,50%,50%,50%,5.5,78.57%,1.5,30%,58.33%,NaN%,NaN%,NaN%,NaN%,,,,,,,,,,,,,,,,,,,
Gerald Coetzee,14,5,4,4.4,3.5,63.64,59.09%,4.55%,22.0,38.1%,87.5%,63.64%,3.67,73.33%,60%,6.67%,15.0,35.71%,91.67%,73.33%,3.0,42.86%,57.14%,0%,inf,42.86%,75%,42.86%,2.5,41.67%,4.5,90%,63.64%,NaN%,NaN%,NaN%,NaN%,,,,,,,,,,,,,,,,,,,
Adam Zampa,10,3,3,5.33,3.33,62.5,37.5%,0%,inf,62.5%,54.55%,62.5%,2.5,100%,0%,0%,inf,100%,100%,100%,5.0,45.45%,54.55%,0%,inf,45.45%,50%,45.45%,4.0,80%,2.0,33.33%,62.5%,NaN%,NaN%,NaN%,NaN%,,,,,,,,,,,,,,,,,,,
Noor Ahmad,13,5,4,3.6,3.25,72.22,61.11%,11.11%,9.0,31.25%,81.25%,72.22%,3.67,122.22%,44.44%,22.22%,4.5,42.86%,137.5%,122.22%,2.0,22.22%,77.78%,0%,inf,22.22%,25%,22.22%,0.5,12.5%,6.0,120%,72.22%,NaN%,NaN%,NaN%,NaN%,,,,,,,,,,,,,,,,,,,
Fazalhaq Farooqi,3,2,0,6.5,3.0,23.08,76.92%,0%,inf,23.08%,20%,23.08%,2.0,25%,75%,0%,inf,25%,20%,25%,1.0,20%,80%,0%,inf,20%,20%,20%,0.0,NaN%,3.0,23.08%,23.08%,NaN%,NaN%,NaN%,NaN%,,,,,,,,,,,,,,,,,,,
Kartik Tyagi,9,4,3,2.5,3.0,90.0,50%,10%,10.0,55.56%,90%,90%,4.5,100%,44.44%,11.11%,9.0,62.5%,100%,100%,0.0,0%,100%,0%,inf,0%,0%,0%,2.0,50%,3.5,116.67%,90%,NaN%,NaN%,NaN%,NaN%,,,,,,,,,,,,,,,,,,,
Reece Topley,3,1,0,6.0,3.0,50.0,50%,0%,inf,50%,40%,50%,2.0,50%,50%,0%,inf,50%,33.33%,50%,1.0,50%,50%,0%,inf,50%,50%,50%,0.0,NaN%,3.0,50%,50%,NaN%,NaN%,NaN%,NaN%,,,,,,,,,,,,,,,,,,,
Nathan Coulter-Nile,5,3,2,2.33,2.5,71.43,42.86%,0%,inf,71.43%,71.43%,71.43%,2.0,66.67%,50%,0%,inf,66.67%,66.67%,66.67%,1.0,100%,0%,0%,inf,100%,100%,100%,2.5,71.43%,0.0,NaN%,71.43%,NaN%,NaN%,NaN%,NaN%,,,,,,,,,,,,,,,,,,,
,2,1,0,2.0,2.0,100.0,0%,0%,inf,100%,100%,100%,2.0,100%,0%,0%,inf,100%,100%,100%,0.0,NaN%,NaN%,NaN%,,NaN%,NaN%,NaN%,0.0,NaN%,2.0,100%,100%,NaN%,NaN%,NaN%,NaN%,,,,,,,,,,,,,,,,,,,
BR Sharath,2,1,1,5.0,2.0,40.0,60%,0%,inf,40%,40%,40%,0.0,NaN%,NaN%,NaN%,,NaN%,NaN%,NaN%,2.0,40%,60%,0%,inf,40%,40%,40%,0.0,NaN%,2.0,40%,40%,NaN%,NaN%,NaN%,NaN%,,,,,,,,,,,,,,,,,,,
Deepak Chahar,2,2,0,1.5,2.0,66.67,33.33%,0%,inf,66.67%,66.67%,66.67%,1.0,50%,50%,0%,inf,50%,50%,50%,1.0,100%,0%,0%,inf,100%,100%,100%,1.0,50%,1.0,100%,66.67%,NaN%,NaN%,NaN%,NaN%,,,,,,,,,,,,,,,,,,,
George Garton,2,2,1,2.0,2.0,50.0,50%,0%,inf,50%,50%,50%,2.0,50%,50%,0%,inf,50%,50%,50%,0.0,NaN%,NaN%,NaN%,,NaN%,NaN%,NaN%,0.0,0%,2.0,66.67%,50%,NaN%,NaN%,NaN%,NaN%,,,,,,,,,,,,,,,,,,,
Ishant Sharma,2,3,0,2.67,2.0,25.0,75%,0%,inf,25%,25%,25%,2.0,25%,75%,0%,inf,25%,25%,25%,0.0,NaN%,NaN%,NaN%,,NaN%,NaN%,NaN%,1.0,100%,1.0,14.29%,25%,NaN%,NaN%,NaN%,NaN%,,,,,,,,,,,,,,,,,,,
Navdeep Saini,2,1,1,4.0,2.0,50.0,50%,0%,inf,50%,50%,50%,0.0,NaN%,NaN%,NaN%,,NaN%,NaN%,NaN%,2.0,50%,50%,0%,inf,50%,50%,50%,0.0,NaN%,2.0,50%,50%,NaN%,NaN%,NaN%,NaN%,,,,,,,,,,,,,,,,,,,
Navdeep Saini,2,1,1,2.0,2.0,100.0,50%,0%,inf,100%,100%,100%,2.0,100%,50%,0%,inf,100%,100%,100%,0.0,NaN%,NaN%,NaN%,,NaN%,NaN%,NaN%,2.0,100%,0.0,NaN%,100%,NaN%,NaN%,NaN%,NaN%,,,,,,,,,,,,,,,,,,,
Pradeep Sangwan,2,1,1,5.0,2.0,40.0,60%,0%,inf,40%,40%,40%,2.0,40%,60%,0%,inf,40%,40%,40%,0.0,NaN%,NaN%,NaN%,,NaN%,NaN%,NaN%,2.0,40%,0.0,NaN%,40%,NaN%,NaN%,NaN%,NaN%,,,,,,,,,,,,,,,,,,,
Richard Gleeson,2,1,0,2.0,2.0,100.0,50%,0%,inf,100%,100%,100%,2.0,100%,50%,0%,inf,100%,100%,100%,0.0,NaN%,NaN%,NaN%,,NaN%,NaN%,NaN%,2.0,100%,0.0,NaN%,100%,NaN%,NaN%,NaN%,NaN%,,,,,,,,,,,,,,,,,,,
,2,1,0,3.0,2.0,66.67,33.33%,0%,inf,66.67%,66.67%,66.67%,2.0,66.67%,33.33%,0%,inf,66.67%,66.67%,66.67%,0.0,NaN%,NaN%,NaN%,,NaN%,NaN%,NaN%,2.0,66.67%,0.0,NaN%,66.67%,NaN%,NaN%,NaN%,NaN%,,,,,,,,,,,,,,,,,,,
Tabraiz Shamsi,2,1,0,4.0,2.0,50.0,50%,0%,inf,50%,50%,50%,2.0,50%,50%,0%,inf,50%,50%,50%,0.0,NaN%,NaN%,NaN%,,NaN%,NaN%,NaN%,0.0,NaN%,2.0,50%,50%,NaN%,NaN%,NaN%,NaN%,,,,,,,,,,,,,,,,,,,
Wayne Parnell,2,1,1,5.0,2.0,40.0,60%,0%,inf,40%,40%,40%,2.0,40%,60%,0%,inf,40%,40%,40%,0.0,NaN%,NaN%,NaN%,,NaN%,NaN%,NaN%,0.0,NaN%,2.0,40%,40%,NaN%,NaN%,NaN%,NaN%,,,,,,,,,,,,,,,,,,,
Ricky Bhui,3,2,2,4.5,1.5,33.33,66.67%,0%,inf,33.33%,42.86%,33.33%,1.0,25%,75%,0%,inf,25%,25%,25%,2.0,40%,60%,0%,inf,40%,66.67%,40%,3.0,42.86%,0.0,0%,33.33%,NaN%,NaN%,NaN%,NaN%,,,,,,,,,,,,,,,,,,,
Abdul Basith,1,1,0,1.0,1.0,100.0,0%,0%,inf,100%,100%,100%,1.0,100%,0%,0%,inf,100%,100%,100%,0.0,NaN%,NaN%,NaN%,,NaN%,NaN%,NaN%,0.0,NaN%,1.0,100%,100%,NaN%,NaN%,NaN%,NaN%,,,,,,,,,,,,,,,,,,,
Harshit Rana,2,3,2,1.0,1.0,66.67,66.67%,0%,inf,66.67%,66.67%,66.67%,1.0,66.67%,66.67%,0%,inf,66.67%,66.67%,66.67%,0.0,NaN%,NaN%,NaN%,,NaN%,NaN%,NaN%,0.0,0%,2.0,200%,66.67%,NaN%,NaN%,NaN%,NaN%,,,,,,,,,,,,,,,,,,,
Keshav Maharaj,1,1,1,2.0,1.0,50.0,50%,0%,inf,50%,50%,50%,1.0,50%,50%,0%,inf,50%,50%,50%,0.0,NaN%,NaN%,NaN%,,NaN%,NaN%,NaN%,0.0,NaN%,1.0,50%,50%,NaN%,NaN%,NaN%,NaN%,,,,,,,,,,,,,,,,,,,
Kumar Kushagra,3,3,3,2.33,1.0,42.86,71.43%,0%,inf,42.86%,42.86%,42.86%,1.0,50%,75%,0%,inf,50%,50%,50%,1.0,33.33%,66.67%,0%,inf,33.33%,33.33%,33.33%,1.0,33.33%,1.0,50%,42.86%,NaN%,NaN%,NaN%,NaN%,,,,,,,,,,,,,,,,,,,
Lizaad Williams,1,1,0,2.0,1.0,50.0,50%,0%,inf,50%,50%,50%,1.0,50%,50%,0%,inf,50%,50%,50%,0.0,NaN%,NaN%,NaN%,,NaN%,NaN%,NaN%,1.0,50%,0.0,NaN%,50%,NaN%,NaN%,NaN%,NaN%,,,,,,,,,,,,,,,,,,,
,1,1,1,2.0,1.0,50.0,50%,0%,inf,50%,50%,50%,1.0,50%,50%,0%,inf,50%,50%,50%,0.0,NaN%,NaN%,NaN%,,NaN%,NaN%,NaN%,1.0,50%,0.0,NaN%,50%,NaN%,NaN%,NaN%,NaN%,,,,,,,,,,,,,,,,,,,
Mohit Sharma,2,3,2,5.33,1.0,12.5,87.5%,0%,inf,12.5%,14.29%,8.33%,0.5,25%,75%,0%,inf,25%,0%,0%,1.0,8.33%,91.67%,0%,inf,8.33%,20%,10%,1.0,12.5%,0.0,NaN%,8.33%,25%,NaN%,NaN%,NaN%,,,,,,,,,,,,,,,,,,,
Mohit Rathee,1,1,0,2.0,1.0,50.0,50%,0%,inf,50%,50%,50%,1.0,50%,50%,0%,inf,50%,50%,50%,0.0,NaN%,NaN%,NaN%,,NaN%,NaN%,NaN%,1.0,50%,0.0,NaN%,50%,NaN%,NaN%,NaN%,NaN%,,,,,,,,,,,,,,,,,,,
Mujeeb Ur Rahman,1,1,0,1.0,1.0,100.0,0%,0%,inf,100%,100%,100%,1.0,100%,0%,0%,inf,100%,100%,100%,0.0,NaN%,NaN%,NaN%,,NaN%,NaN%,NaN%,0.0,NaN%,1.0,100%,100%,NaN%,NaN%,NaN%,NaN%,,,,,,,,,,,,,,,,,,,
Shams Mulani,1,1,0,1.0,1.0,100.0,0%,0%,inf,100%,100%,100%,1.0,100%,0%,0%,inf,100%,100%,100%,0.0,NaN%,NaN%,NaN%,,NaN%,NaN%,NaN%,0.0,NaN%,1.0,100%,100%,NaN%,NaN%,NaN%,NaN%,,,,,,,,,,,,,,,,,,,
Tim Southee,5,6,5,2.83,1.0,29.41,76.47%,0%,inf,29.41%,29.41%,29.41%,1.0,28.57%,78.57%,0%,inf,28.57%,28.57%,28.57%,1.0,33.33%,66.67%,0%,inf,33.33%,33.33%,33.33%,0.33,10%,2.0,57.14%,29.41%,NaN%,NaN%,NaN%,NaN%,,,,,,,,,,,,,,,,,,,
Khaleel Ahmed,1,3,3,1.33,0.33,25.0,75%,0%,inf,25%,25%,25%,0.33,25%,75%,0%,inf,25%,25%,25%,0.0,NaN%,NaN%,NaN%,,NaN%,NaN%,NaN%,0.0,NaN%,0.33,25%,25%,NaN%,NaN%,NaN%,NaN%,,,,,,,,,,,,,,,,,,,
Kuldip Yadav,0,1,0,4.0,0.0,0.0,100%,0%,inf,0%,0%,0%,0.0,0%,100%,0%,inf,0%,0%,0%,0.0,NaN%,NaN%,NaN%,,NaN%,NaN%,NaN%,0.0,0%,0.0,NaN%,0%,NaN%,NaN%,NaN%,NaN%,,,,,,,,,,,,,,,,,,,
Kamlesh Nagarkoti,0,1,1,2.0,0.0,0.0,100%,0%,inf,0%,0%,0%,0.0,0%,100%,0%,inf,0%,0%,0%,0.0,NaN%,NaN%,NaN%,,NaN%,NaN%,NaN%,0.0,NaN%,0.0,0%,0%,NaN%,NaN%,NaN%,NaN%,,,,,,,,,,,,,,,,,,,
KM Asif,0,1,1,2.0,0.0,0.0,100%,0%,inf,0%,0%,0%,0.0,NaN%,NaN%,NaN%,,NaN%,NaN%,NaN%,0.0,0%,100%,0%,inf,0%,0%,0%,0.0,NaN%,0.0,0%,0%,NaN%,NaN%,NaN%,NaN%,,,,,,,,,,,,,,,,,,,
Kuldeep Sen,0,1,0,3.0,0.0,0.0,100%,0%,inf,0%,0%,0%,0.0,0%,100%,0%,inf,0%,0%,0%,0.0,NaN%,NaN%,NaN%,,NaN%,NaN%,NaN%,0.0,NaN%,0.0,0%,0%,NaN%,NaN%,NaN%,NaN%,,,,,,,,,,,,,,,,,,,
Mayank Dagar,0,1,0,1.0,0.0,0.0,100%,0%,inf,0%,0%,0%,0.0,0%,100%,0%,inf,0%,0%,0%,0.0,NaN%,NaN%,NaN%,,NaN%,NaN%,NaN%,0.0,NaN%,0.0,0%,0%,NaN%,NaN%,NaN%,NaN%,,,,,,,,,,,,,,,,,,,
Sanjay Yadav,0,1,1,2.0,0.0,0.0,100%,0%,inf,0%,0%,0%,0.0,0%,100%,0%,inf,0%,0%,0%,0.0,NaN%,NaN%,NaN%,,NaN%,NaN%,NaN%,0.0,NaN%,0.0,0%,0%,NaN%,NaN%,NaN%,NaN%,,,,,,,,,,,,,,,,,,,
Riley Meredith,0,2,0,1.5,0.0,0.0,100%,0%,inf,0%,0%,0%,0.0,0%,100%,0%,inf,0%,0%,0%,0.0,NaN%,NaN%,NaN%,,NaN%,NaN%,NaN%,0.0,NaN%,0.0,0%,0%,NaN%,NaN%,NaN%,NaN%,,,,,,,,,,,,,,,,,,,
Shahbaz Nadeem,0,1,1,1.0,0.0,0.0,100%,0%,inf,0%,0%,0%,0.0,0%,100%,0%,inf,0%,0%,0%,0.0,NaN%,NaN%,NaN%,,NaN%,NaN%,NaN%,0.0,NaN%,0.0,0%,0%,NaN%,NaN%,NaN%,NaN%,,,,,,,,,,,,,,,,,,,
Tymal Mills,0,2,1,1.5,0.0,0.0,100%,0%,inf,0%,0%,0%,0.0,0%,100%,0%,inf,0%,0%,0%,0.0,NaN%,NaN%,NaN%,,NaN%,NaN%,NaN%,0.0,NaN%,0.0,0%,0%,NaN%,NaN%,NaN%,NaN%,,,,,,,,,,,,,,,,,,,
Tushar Deshpande,0,2,0,1.0,0.0,0.0,100%,0%,inf,0%,0%,0%,0.0,0%,100%,0%,inf,0%,0%,0%,0.0,NaN%,NaN%,NaN%,,NaN%,NaN%,NaN%,0.0,0%,0.0,NaN%,0%,NaN%,NaN%,NaN%,NaN%,,,,,,,,,,,,,,,,,,,
Yash Dayal,0,1,1,1.0,0.0,0.0,100%,0%,inf,0%,0%,0%,0.0,0%,100%,0%,inf,0%,0%,0%,0.0,NaN%,NaN%,NaN%,,NaN%,NaN%,NaN%,0.0,0%,0.0,NaN%,0%,NaN%,NaN%,NaN%,NaN%,,,,,,,,,,,,,,,,,,,
